2023-06-28,18,54,29,513340,34.43,0.00,32.73,{'roll': 3.9116728164415746, 'pitch': 1.527189317279831, 'yaw': 355.73666464885656},{'roll': 3.7775974836946933, 'pitch': 1.46972778956616, 'yaw': 355.73336737503473},351.73,0:00:00.078908
2023-06-28,18,54,34,739434,34.32,1006.33,33.19,{'roll': 1.3199626585221136, 'pitch': 359.24586392606096, 'yaw': 347.63993002227306},{'roll': 1.2379599409554694, 'pitch': 359.2344754393936, 'yaw': 347.6395321637539},343.90,0:00:00.083186
2023-06-28,18,54,39,981011,34.39,1006.31,32.83,{'roll': 358.74731246364667, 'pitch': 358.0117283040713, 'yaw': 340.0395251789937},{'roll': 358.7174450069016, 'pitch': 358.02332553839517, 'yaw': 340.0396737356082},336.54,0:00:00.086268
2023-06-28,18,54,45,218852,34.25,1006.31,32.95,{'roll': 356.8792551920397, 'pitch': 356.39743337086287, 'yaw': 332.77590244953575},{'roll': 356.88636712651294, 'pitch': 356.44214250850933, 'yaw': 332.77576413820503},329.49,0:00:00.074018
2023-06-28,18,54,50,460847,34.38,1006.32,31.42,{'roll': 356.01851966203316, 'pitch': 355.32648702976155, 'yaw': 326.40366551054126},{'roll': 356.0385585832843, 'pitch': 355.3923313340209, 'yaw': 326.4031054350293},323.26,0:00:00.075905
2023-06-28,18,54,55,691231,34.34,1006.36,32.72,{'roll': 355.964696490713, 'pitch': 355.0060892590986, 'yaw': 319.41765240480385},{'roll': 355.98861624007316, 'pitch': 355.07799834445416, 'yaw': 319.4169147443735},316.42,0:00:00.073031
2023-06-28,18,55,0,905902,34.55,1006.22,32.47,{'roll': 355.4007789973638, 'pitch': 354.4882866417044, 'yaw': 313.1640199931994},{'roll': 355.4373563679165, 'pitch': 354.5712119684175, 'yaw': 313.16271542706795},310.30,0:00:00.075563
2023-06-28,18,55,6,146668,34.46,1006.32,32.51,{'roll': 354.49795989711646, 'pitch': 354.1577528703132, 'yaw': 307.0504815916611},{'roll': 354.5528186958695, 'pitch': 354.248662688166, 'yaw': 307.0483369122617},304.34,0:00:00.067842
2023-06-28,18,55,11,378128,34.41,1006.35,32.49,{'roll': 354.44266695446424, 'pitch': 354.1691558711325, 'yaw': 301.8928554852227},{'roll': 354.4987180481143, 'pitch': 354.2584247360373, 'yaw': 301.8907108058233},299.26,0:00:00.099564
2023-06-28,18,55,16,624142,34.54,1006.36,32.68,{'roll': 353.58474695649966, 'pitch': 355.07270878982877, 'yaw': 296.4339633948734},{'roll': 353.65914607269445, 'pitch': 355.14131718626794, 'yaw': 296.4317845645282},293.95,0:00:00.100536
2023-06-28,18,55,21,874265,34.55,1006.37,32.77,{'roll': 353.6186178645937, 'pitch': 354.881879707721, 'yaw': 292.3450296671102},{'roll': 353.6903869310713, 'pitch': 354.95549719414265, 'yaw': 292.3427620443058},289.94,0:00:00.085070
2023-06-28,18,55,27,111092,34.57,1006.35,32.18,{'roll': 353.0094059717636, 'pitch': 354.1074135223565, 'yaw': 287.55784570049667},{'roll': 353.0940012797288, 'pitch': 354.1961910405279, 'yaw': 287.5546218512084},285.26,0:00:00.074418
2023-06-28,18,55,32,342483,34.43,1006.33,33.11,{'roll': 352.47958862473257, 'pitch': 353.91527944723043, 'yaw': 283.0168217515704},{'roll': 352.5727216691603, 'pitch': 354.0119069871922, 'yaw': 283.01295586450016},280.80,0:00:00.070248
2023-06-28,18,59,26,236807,34.73,1006.40,32.52,{'roll': 359.91278434065254, 'pitch': 359.9403994157868, 'yaw': 356.0512170582505},{'roll': 359.8587458983116, 'pitch': 359.9128531694827, 'yaw': 356.05058142377084},352.20,0:00:00.084257
2023-06-28,18,59,31,472395,34.84,1006.33,30.52,{'roll': 358.0449876967913, 'pitch': 357.8914407753811, 'yaw': 348.28098340324016},{'roll': 358.0276571589894, 'pitch': 357.90569559362234, 'yaw': 348.2810909787196},344.65,0:00:00.078799
2023-06-28,18,59,36,707326,34.86,1006.35,32.28,{'roll': 356.6630547319296, 'pitch': 356.4429642656438, 'yaw': 340.82878939608185},{'roll': 356.67511641911705, 'pitch': 356.48590865316345, 'yaw': 340.8285708300284},337.39,0:00:00.069312
2023-06-28,18,59,41,947680,34.80,1006.39,31.84,{'roll': 355.0151883517335, 'pitch': 355.81838572784164, 'yaw': 333.9842090174879},{'roll': 355.05848321333497, 'pitch': 355.87321677895125, 'yaw': 333.98319131930157},330.71,0:00:00.096661
2023-06-28,18,59,47,186771,34.91,1006.33,32.59,{'roll': 354.48534496460627, 'pitch': 354.7917788403979, 'yaw': 327.13666092169956},{'roll': 354.539046046295, 'pitch': 354.8654065721034, 'yaw': 327.13497044988},324.02,0:00:00.095794
2023-06-28,18,59,52,418673,34.84,1006.39,31.05,{'roll': 353.45331063809334, 'pitch': 354.42162698361284, 'yaw': 320.5927727911262},{'roll': 353.5291906246776, 'pitch': 354.50525496603683, 'yaw': 320.59005096074196},317.63,0:00:00.096827
2023-06-28,18,59,57,663371,34.91,1006.35,33.13,{'roll': 352.5114890232511, 'pitch': 353.976564173332, 'yaw': 314.5137575807477},{'roll': 352.6054749875514, 'pitch': 354.0687994747707, 'yaw': 314.5100385427446},311.71,0:00:00.066492
2023-06-28,19,0,2,888610,35.09,1006.35,31.50,{'roll': 352.2788382659685, 'pitch': 353.2942940158185, 'yaw': 308.63397215826933},{'roll': 352.3781355561221, 'pitch': 353.3984031742424, 'yaw': 308.6295359504034},305.96,0:00:00.069862
2023-06-28,19,0,8,112676,35.00,1006.40,32.77,{'roll': 352.42641987091224, 'pitch': 352.79574356726044, 'yaw': 303.6336999499297},{'roll': 352.52213899571444, 'pitch': 352.912379719509, 'yaw': 303.6289085722269},301.06,0:00:00.082209
2023-06-28,19,0,13,333106,34.95,1006.38,32.21,{'roll': 352.9061458912309, 'pitch': 352.2493984430984, 'yaw': 298.38609976155476},{'roll': 352.993087369176, 'pitch': 352.3741731926299, 'yaw': 298.38144840273},295.89,0:00:00.066804
2023-06-28,19,0,18,556937,35.09,1006.38,31.97,{'roll': 352.5921040384775, 'pitch': 352.46308518015053, 'yaw': 293.444157368727},{'roll': 352.6852584272463, 'pitch': 352.58615067484214, 'yaw': 293.4392464627138},291.05,0:00:00.068821
2023-06-28,19,0,23,770559,35.02,1006.36,32.11,{'roll': 352.1541087664403, 'pitch': 352.5049380180634, 'yaw': 288.9374277996234},{'roll': 352.25511445766006, 'pitch': 352.625665026738, 'yaw': 288.9322027049083},286.64,0:00:00.084827
2023-06-28,19,0,29,11787,35.00,1006.38,32.20,{'roll': 351.69328700219694, 'pitch': 351.7836085700075, 'yaw': 284.49667785790206},{'roll': 351.8034468544518, 'pitch': 351.9193338203258, 'yaw': 284.4902574800822},282.31,0:00:00.071657
2023-06-28,19,0,34,253514,35.14,1006.33,32.12,{'roll': 352.0322402624007, 'pitch': 351.61811820906, 'yaw': 280.42959390529376},{'roll': 352.136512491591, 'pitch': 351.75775801154634, 'yaw': 280.42333745201404},278.32,0:00:00.071601
2023-06-28,19,0,39,475311,35.00,1006.37,32.39,{'roll': 351.5552215583143, 'pitch': 351.4580091834048, 'yaw': 276.3756990479728},{'roll': 351.6685164673982, 'pitch': 351.5982039387612, 'yaw': 276.3688756889919},274.36,0:00:00.075993
2023-06-28,19,0,44,691729,35.04,1006.38,32.50,{'roll': 351.45675157482384, 'pitch': 351.3312451412776, 'yaw': 272.4330474816638},{'roll': 351.57291430958554, 'pitch': 351.47366568452975, 'yaw': 272.4259372547378},270.48,0:00:00.084985
2023-06-28,19,0,49,939173,35.02,1006.36,31.21,{'roll': 351.20339509907234, 'pitch': 352.0060985671261, 'yaw': 268.71972634692713},{'roll': 351.325360079534, 'pitch': 352.1381986945424, 'yaw': 268.7128073652979},266.86,0:00:00.066738
2023-06-28,19,0,55,167942,35.09,1006.33,31.88,{'roll': 352.0779051996441, 'pitch': 352.22353337048526, 'yaw': 265.11779193717507},{'roll': 352.1799721315062, 'pitch': 352.34991577579257, 'yaw': 265.11225265375816},263.31,0:00:00.068818
2023-06-28,19,1,0,402632,35.02,1006.35,32.21,{'roll': 351.63162063927547, 'pitch': 352.63326617351055, 'yaw': 261.0828440246117},{'roll': 351.74373136431205, 'pitch': 352.74998129982134, 'yaw': 261.07724326949227},259.35,0:00:00.084638
2023-06-28,19,1,5,633049,35.07,1006.37,31.41,{'roll': 351.7235814524869, 'pitch': 353.15730603427744, 'yaw': 257.2904224690971},{'roll': 351.8300760544784, 'pitch': 353.2696916744281, 'yaw': 257.28529299703047},255.65,0:00:00.084254
2023-06-28,19,1,10,879582,35.13,1006.36,32.50,{'roll': 351.67948148233705, 'pitch': 353.55049782668027, 'yaw': 254.58268959529397},{'roll': 351.7899811365032, 'pitch': 353.6503795248948, 'yaw': 254.57794944400996},252.98,0:00:00.077101
2023-06-28,19,1,16,122323,35.18,1006.41,31.46,{'roll': 351.983967046668, 'pitch': 353.7113244490851, 'yaw': 251.6847222927276},{'roll': 352.08925441272373, 'pitch': 353.8080288286751, 'yaw': 251.6803646320371},250.14,0:00:00.067491
2023-06-28,19,1,21,328545,35.22,1006.39,31.68,{'roll': 352.1345607650357, 'pitch': 354.2150214451828, 'yaw': 248.9493203225967},{'roll': 352.23699738088663, 'pitch': 354.2993200668059, 'yaw': 248.94563885063405},247.46,0:00:00.075613
2023-06-28,19,1,26,574035,35.27,1006.35,32.13,{'roll': 352.3720071688893, 'pitch': 354.2717307983141, 'yaw': 246.02352682935168},{'roll': 352.46903769001216, 'pitch': 354.3595085475457, 'yaw': 246.01987267814573},244.59,0:00:00.069176
2023-06-28,19,4,3,67515,35.29,1006.26,31.39,{'roll': 359.9197225188486, 'pitch': 359.9344729793719, 'yaw': 356.0154477844539},{'roll': 359.86596516814046, 'pitch': 359.90725370169383, 'yaw': 356.0148219683712},352.10,0:00:00.098223
2023-06-28,19,4,8,307902,35.27,1006.25,31.46,{'roll': 358.25978700762613, 'pitch': 359.1418680527277, 'yaw': 347.57254508346904},{'roll': 358.2388449005789, 'pitch': 359.12914714556365, 'yaw': 347.57243153157407},343.92,0:00:00.097847
2023-06-28,19,4,13,564953,35.31,1006.23,31.87,{'roll': 357.46267138136534, 'pitch': 357.6413277857117, 'yaw': 340.29277664058674},{'roll': 357.45848148719637, 'pitch': 357.66061303827667, 'yaw': 340.2928124990799},336.81,0:00:00.094126
2023-06-28,19,4,18,805009,35.20,1006.23,31.99,{'roll': 357.05298276112626, 'pitch': 356.6138737413675, 'yaw': 332.93155050788926},{'roll': 357.0611725848279, 'pitch': 356.6517001827647, 'yaw': 332.9314173192005},329.61,0:00:00.092978
2023-06-28,19,4,24,50132,35.27,1006.30,32.26,{'roll': 355.8549101644283, 'pitch': 355.89695595518526, 'yaw': 325.65039126773723},{'roll': 355.8823777701755, 'pitch': 355.94941180801095, 'yaw': 325.6497663054282},322.52,0:00:00.087780
2023-06-28,19,4,29,285484,35.22,1006.30,31.98,{'roll': 354.98690752658825, 'pitch': 354.9867833025227, 'yaw': 319.1872018222076},{'roll': 355.03085894012366, 'pitch': 355.05334008088994, 'yaw': 319.1859450674003},316.22,0:00:00.095318
2023-06-28,19,4,34,524663,35.25,1006.35,32.19,{'roll': 354.99696583391477, 'pitch': 354.25878246719503, 'yaw': 313.002342585356},{'roll': 355.0422448654701, 'pitch': 354.34368726810703, 'yaw': 313.00069650976604},310.12,0:00:00.082381
2023-06-28,19,4,39,778452,35.25,1006.34,32.40,{'roll': 354.4881218633907, 'pitch': 354.27238137383256, 'yaw': 307.1005776141285},{'roll': 354.5421029828354, 'pitch': 354.35640123836015, 'yaw': 307.0986412554988},304.37,0:00:00.086646
2023-06-28,19,4,45,20081,35.27,1006.35,31.96,{'roll': 353.2395419387712, 'pitch': 353.8754159019133, 'yaw': 301.6566333927778},{'roll': 353.3188908076802, 'pitch': 353.96792825290015, 'yaw': 301.6534915057596},299.08,0:00:00.081987
2023-06-28,19,4,50,260016,35.31,1006.32,32.39,{'roll': 351.89114733716843, 'pitch': 354.20139265646765, 'yaw': 296.6987903195623},{'roll': 351.99782550049395, 'pitch': 354.28910978777037, 'yaw': 296.69477416833035},294.27,0:00:00.066013
2023-06-28,19,4,55,484649,35.27,1006.36,31.69,{'roll': 352.51431672156747, 'pitch': 354.72374375296226, 'yaw': 291.34780155772086},{'roll': 352.608096926419, 'pitch': 354.79927155791745, 'yaw': 291.3447689537294},289.00,0:00:00.069378
2023-06-28,19,5,0,690052,35.36,1006.31,31.79,{'roll': 351.5159940743636, 'pitch': 354.349501466638, 'yaw': 287.14326687825525},{'roll': 351.6302264269111, 'pitch': 354.43080120832866, 'yaw': 287.13927804777995},284.90,0:00:00.069388
2023-06-28,19,5,5,930479,35.25,1006.30,32.84,{'roll': 351.39522437700674, 'pitch': 353.855703122195, 'yaw': 283.15714115787915},{'roll': 351.51184900331106, 'pitch': 353.9497082964023, 'yaw': 283.152435157541},280.99,0:00:00.069038
2023-06-28,19,5,11,170653,35.32,1006.29,31.91,{'roll': 351.381133696749, 'pitch': 352.9608578409168, 'yaw': 279.21230393103576},{'roll': 351.49761232775984, 'pitch': 353.0721660187259, 'yaw': 279.2067373268622},277.13,0:00:00.066009
2023-06-28,19,5,16,377260,35.39,1006.29,31.80,{'roll': 351.3092024132787, 'pitch': 352.70177980107496, 'yaw': 274.9106917728967},{'roll': 351.4272306434574, 'pitch': 352.81742173391245, 'yaw': 274.9048178102105},272.94,0:00:00.078388
2023-06-28,19,5,21,618020,35.39,1006.30,32.00,{'roll': 351.7475639542101, 'pitch': 353.45791247804664, 'yaw': 271.07472776142333},{'roll': 351.85666427337, 'pitch': 353.5581741055337, 'yaw': 271.0700490818419},269.16,0:00:00.074847
2023-06-28,19,5,26,857078,35.38,1006.30,32.27,{'roll': 351.3677943373, 'pitch': 353.2796394180674, 'yaw': 267.7007372548421},{'roll': 351.48426016170606, 'pitch': 353.3828743122776, 'yaw': 267.6955736318296},265.87,0:00:00.080341
2023-06-28,19,5,32,97135,35.38,1006.32,31.46,{'roll': 351.8844178932887, 'pitch': 353.74526536661824, 'yaw': 264.49724876051187},{'roll': 351.99220083971244, 'pitch': 353.83921888751996, 'yaw': 264.4929115903889},262.71,0:00:00.068932
2023-06-28,19,6,0,167605,35.48,1006.31,30.35,{'roll': 359.9205670877477, 'pitch': 359.94812563372847, 'yaw': 356.0321493045219},{'roll': 359.8671375327589, 'pitch': 359.9197894066777, 'yaw': 356.0315017172112},352.15,0:00:00.073561
2023-06-28,19,6,5,390155,35.50,1006.31,31.64,{'roll': 357.9258849924787, 'pitch': 358.13268988705516, 'yaw': 348.359864404191},{'roll': 357.9123582297143, 'pitch': 358.13948870004367, 'yaw': 348.35990453155233},344.71,0:00:00.082912
2023-06-28,19,6,10,622664,35.54,1006.31,31.61,{'roll': 356.2947517219755, 'pitch': 356.9148125165285, 'yaw': 341.1076335764949},{'roll': 356.31188738594255, 'pitch': 356.94571037134295, 'yaw': 341.1074098877996},337.65,0:00:00.076331
2023-06-28,19,6,15,868286,35.45,1006.33,31.75,{'roll': 355.1119921959533, 'pitch': 356.72427905354573, 'yaw': 334.0028656792058},{'roll': 355.15568576984754, 'pitch': 356.75956701244917, 'yaw': 334.00220656595087},330.73,0:00:00.069519
2023-06-28,19,6,21,102181,35.50,1006.31,31.76,{'roll': 354.15822287270544, 'pitch': 356.55293095161124, 'yaw': 327.09563539044984},{'roll': 354.219321903039, 'pitch': 356.5925362304004, 'yaw': 327.0946006167906},323.97,0:00:00.082680
2023-06-28,19,6,26,324020,35.54,1006.31,31.61,{'roll': 353.56398616963054, 'pitch': 355.2668991787819, 'yaw': 320.31966767716324},{'roll': 353.63695051921286, 'pitch': 355.3307038178004, 'yaw': 320.317669846831},317.35,0:00:00.076851
2023-06-28,19,6,31,553697,35.41,1006.28,32.00,{'roll': 352.68428854038416, 'pitch': 354.337359097841, 'yaw': 314.40840532789485},{'roll': 352.7746476742352, 'pitch': 354.4217460850365, 'yaw': 314.4051439125662},311.59,0:00:00.070947
2023-06-28,19,6,36,779954,35.41,1006.31,31.70,{'roll': 351.6306609976971, 'pitch': 354.3096041972618, 'yaw': 309.31964460376315},{'roll': 351.74110515657617, 'pitch': 354.3951587199186, 'yaw': 309.3155908864907},306.64,0:00:00.085469
2023-06-28,19,6,42,10672,35.50,1006.34,31.59,{'roll': 351.2986506247846, 'pitch': 354.26559216579756, 'yaw': 303.6860431046341},{'roll': 351.4173447984075, 'pitch': 354.3494809760705, 'yaw': 303.6817742364028},301.12,0:00:00.072262
2023-06-28,19,6,47,248379,35.59,1006.31,31.80,{'roll': 350.98151042746895, 'pitch': 354.260124599367, 'yaw': 298.65905461135594},{'roll': 351.10538700712453, 'pitch': 354.34583963146923, 'yaw': 298.6545125355579},296.21,0:00:00.075578
2023-06-28,19,6,52,496755,35.54,1006.30,30.62,{'roll': 350.7401119054068, 'pitch': 353.96305448604056, 'yaw': 293.98749891720155},{'roll': 350.87229741018774, 'pitch': 354.0537897071828, 'yaw': 293.98233529418906},291.64,0:00:00.088391
2023-06-28,19,6,57,738111,35.61,1006.32,30.82,{'roll': 350.1965765503146, 'pitch': 354.35376307779325, 'yaw': 289.06582852583045},{'roll': 350.3365655462223, 'pitch': 354.4348745623949, 'yaw': 289.06095177076304},286.83,0:00:00.092487
2023-06-28,19,7,2,976906,35.61,1006.36,31.80,{'roll': 350.4542684886418, 'pitch': 353.73231831615965, 'yaw': 284.5261364637923},{'roll': 350.5910592484706, 'pitch': 353.82707096919427, 'yaw': 284.5205835199971},282.38,0:00:00.066731
2023-06-28,19,7,8,194706,35.56,1006.29,31.50,{'roll': 350.4217021466792, 'pitch': 353.8140095130671, 'yaw': 280.25011019428416},{'roll': 350.55820091592096, 'pitch': 353.9068095857728, 'yaw': 280.24466653351567},278.19,0:00:00.085957
2023-06-28,19,7,13,424698,35.59,1006.26,31.34,{'roll': 350.79102669680105, 'pitch': 354.6604321682245, 'yaw': 275.94612796050313},{'roll': 350.9203785268501, 'pitch': 354.73668397323166, 'yaw': 275.94190007340694},273.94,0:00:00.072765
2023-06-28,19,7,18,657210,35.50,1006.25,31.74,{'roll': 350.5731180490683, 'pitch': 355.3475257199525, 'yaw': 271.62927082013664},{'roll': 350.70607621899904, 'pitch': 355.40970946970356, 'yaw': 271.62571912176827},269.72,0:00:00.062058
2023-06-28,19,7,23,860805,35.50,1006.29,31.41,{'roll': 350.79406527720806, 'pitch': 355.1998258673587, 'yaw': 267.9268165163695},{'roll': 350.9217309043057, 'pitch': 355.2643788389782, 'yaw': 267.9232716481903},266.10,0:00:00.086958
2023-06-28,19,7,29,108963,35.59,1006.29,31.96,{'roll': 350.4483057334964, 'pitch': 356.158457431522, 'yaw': 264.2077238717842},{'roll': 350.58391401682513, 'pitch': 356.2055750646245, 'yaw': 264.20497813573786},262.47,0:00:00.085943
2023-06-28,19,7,34,349346,35.61,1006.24,31.53,{'roll': 350.500445690073, 'pitch': 356.25723221220414, 'yaw': 261.33181125004785},{'roll': 350.63410310062, 'pitch': 356.30120283564656, 'yaw': 261.3293114008116},259.65,0:00:00.096687
2023-06-28,19,7,39,584844,35.61,1006.31,31.68,{'roll': 350.09953236881347, 'pitch': 355.5588628719301, 'yaw': 257.9686739140577},{'roll': 350.2416225016645, 'pitch': 355.6173749681155, 'yaw': 257.96510855531096},256.36,0:00:00.080175
2023-06-28,19,7,44,823452,35.63,1006.31,31.45,{'roll': 349.8139374001795, 'pitch': 355.293534355224, 'yaw': 254.7120465479848},{'roll': 349.96299944862585, 'pitch': 355.3567870295802, 'yaw': 254.70800307599617},253.17,0:00:00.074710
2023-06-28,19,7,50,56485,35.59,1006.31,31.73,{'roll': 350.34723088661127, 'pitch': 355.5360782146326, 'yaw': 252.2079967454206},{'roll': 350.4855550239087, 'pitch': 355.59390771878776, 'yaw': 252.2045611602681},250.71,0:00:00.073333
2023-06-28,19,7,55,284227,35.54,1006.27,31.53,{'roll': 350.6929067605056, 'pitch': 355.3529830410993, 'yaw': 249.42575333796174},{'roll': 350.8237415953781, 'pitch': 355.41447395353646, 'yaw': 249.4223245829984},247.97,0:00:00.083903
2023-06-28,19,8,0,532667,35.36,1006.33,31.60,{'roll': 350.45581296516787, 'pitch': 355.66258655155275, 'yaw': 246.87168606010553},{'roll': 350.58934743230986, 'pitch': 355.71471711661917, 'yaw': 246.8687012674382},245.48,0:00:00.073489
2023-06-28,19,8,5,767271,35.61,1006.29,30.52,{'roll': 350.8055254808617, 'pitch': 356.141869463349, 'yaw': 243.86488652330416},{'roll': 350.9334173579756, 'pitch': 356.1875920303135, 'yaw': 243.8624003344463},242.50,0:00:00.081151
2023-06-28,19,8,11,14522,35.43,1006.33,31.85,{'roll': 350.42415674591217, 'pitch': 355.98280033399493, 'yaw': 240.93804118092697},{'roll': 350.5603447415467, 'pitch': 356.0337548258637, 'yaw': 240.93506321844887},239.67,0:00:00.076576
2023-06-28,19,8,16,247863,35.43,1006.32,31.03,{'roll': 350.19583718233696, 'pitch': 356.161204021342, 'yaw': 238.6344642606918},{'roll': 350.3370718339945, 'pitch': 356.2088364799532, 'yaw': 238.63158192086206},237.42,0:00:00.074831
2023-06-28,19,8,21,460559,35.48,1006.35,31.74,{'roll': 349.50236380703734, 'pitch': 356.88794596742827, 'yaw': 236.25609676904497},{'roll': 349.65582535108285, 'pitch': 356.9198245947188, 'yaw': 236.25400673115897},235.11,0:00:00.072187
2023-06-28,19,8,26,693015,35.47,1006.33,31.18,{'roll': 349.5278907852866, 'pitch': 357.22817113692156, 'yaw': 234.11514665294783},{'roll': 349.6800417867851, 'pitch': 357.2536003580883, 'yaw': 234.11348008679033},232.98,0:00:00.076280
2023-06-28,19,8,31,931859,35.52,1006.32,29.69,{'roll': 349.43991026481405, 'pitch': 356.6938804428709, 'yaw': 232.2602585196691},{'roll': 349.59559076656615, 'pitch': 356.7293878216015, 'yaw': 232.25788161383792},231.18,0:00:00.071277
2023-06-28,19,8,37,170335,35.47,1006.31,31.68,{'roll': 349.0432034863096, 'pitch': 356.69398076127436, 'yaw': 230.10959587457216},{'roll': 349.2048296677342, 'pitch': 356.72950009283596, 'yaw': 230.10713700647096},229.08,0:00:00.065412
2023-06-28,19,8,42,388101,35.43,1006.30,31.71,{'roll': 349.0948106881309, 'pitch': 356.10155640620707, 'yaw': 228.42801696129337},{'roll': 349.2558195912093, 'pitch': 356.1480670062471, 'yaw': 228.42480677238348},227.44,0:00:00.073982
2023-06-28,19,8,47,636497,35.39,1006.34,31.52,{'roll': 349.2032553091305, 'pitch': 356.0594102970467, 'yaw': 226.26240986229246},{'roll': 349.36351801404203, 'pitch': 356.1070354985819, 'yaw': 226.2591177111125},225.33,0:00:00.089735
2023-06-28,19,8,52,874168,35.39,1006.37,31.84,{'roll': 348.6051168604923, 'pitch': 355.90016272900056, 'yaw': 223.77970440088453},{'roll': 348.77643934921736, 'pitch': 355.95120857464946, 'yaw': 223.77596145721935},222.89,0:00:00.080620
2023-06-28,19,8,58,115895,35.47,1006.34,31.71,{'roll': 349.23130262718354, 'pitch': 356.4526744467661, 'yaw': 221.69507602468326},{'roll': 349.390397369747, 'pitch': 356.4941979414949, 'yaw': 221.6922483263669},220.82,0:00:00.074916
2023-06-28,19,9,3,356891,35.41,1006.31,31.84,{'roll': 349.60461942287526, 'pitch': 356.6903150841242, 'yaw': 219.49732605544827},{'roll': 349.7553608440838, 'pitch': 356.7276856103943, 'yaw': 219.49489450810373},218.66,0:00:00.076769
2023-06-28,19,9,8,588054,35.48,1006.30,32.10,{'roll': 350.5066355490083, 'pitch': 356.0126371616105, 'yaw': 217.99340036248148},{'roll': 350.64173327569654, 'pitch': 356.06385803085686, 'yaw': 217.9904360603817},217.17,0:00:00.070355
2023-06-28,19,9,13,791356,35.45,1006.37,31.65,{'roll': 349.81197115947214, 'pitch': 356.00024549090875, 'yaw': 216.62695271712875},{'roll': 349.9603647031535, 'pitch': 356.0482087868079, 'yaw': 216.62390645275892},215.85,0:00:00.074537
2023-06-28,19,9,19,16059,35.48,1006.34,31.76,{'roll': 349.687475593923, 'pitch': 356.43994468170047, 'yaw': 215.25913903394198},{'roll': 349.8371591895839, 'pitch': 356.48144533798427, 'yaw': 215.25647526016567},214.52,0:00:00.069973
2023-06-28,19,9,24,237606,35.43,1006.32,31.85,{'roll': 350.049129841607, 'pitch': 356.79816846687373, 'yaw': 213.8368750826919},{'roll': 350.19387606427154, 'pitch': 356.8310803737197, 'yaw': 213.83482602594088},213.12,0:00:00.094306
2023-06-28,19,9,29,485932,35.43,1006.33,31.64,{'roll': 351.4012417736655, 'pitch': 355.55273576535774, 'yaw': 212.69755854799874},{'roll': 351.51866040946084, 'pitch': 355.612237812086, 'yaw': 212.69456692514228},211.97,0:00:00.088144
2023-06-28,19,9,34,729305,35.45,1006.33,31.36,{'roll': 351.63357919602, 'pitch': 356.24615706046495, 'yaw': 212.02236702778632},{'roll': 351.74608094938657, 'pitch': 356.2915675731618, 'yaw': 212.0201813672519},211.29,0:00:00.078528
2023-06-28,19,9,39,968840,35.39,1006.34,31.67,{'roll': 352.0964150122948, 'pitch': 356.15635202571036, 'yaw': 210.81697524306244},{'roll': 352.19873551492987, 'pitch': 356.20353454560995, 'yaw': 210.81491252593312},210.09,0:00:00.069577
2023-06-28,19,9,45,242560,35.31,1006.38,30.88,{'roll': 352.3726995793164, 'pitch': 356.32375185141774, 'yaw': 209.42562472799585},{'roll': 352.46803365220416, 'pitch': 356.370208663718, 'yaw': 209.42372593540657},208.74,0:00:00.071067
2023-06-28,19,9,50,471884,35.29,1006.40,31.73,{'roll': 351.5483495342356, 'pitch': 356.53910472774044, 'yaw': 207.77174906199062},{'roll': 351.66194241032207, 'pitch': 356.57778280834975, 'yaw': 207.7698639297797},207.12,0:00:00.067719
2023-06-28,19,9,55,681076,35.31,1006.38,31.74,{'roll': 351.66268263207337, 'pitch': 356.2110157371852, 'yaw': 206.6627175860773},{'roll': 351.77398056459873, 'pitch': 356.2556552922795, 'yaw': 206.6606002274346},206.02,0:00:00.077289
2023-06-28,19,10,0,920362,35.45,1006.41,30.66,{'roll': 352.0452577491851, 'pitch': 356.55002342545896, 'yaw': 205.45113764996543},{'roll': 352.14836201602736, 'pitch': 356.5870624741109, 'yaw': 205.44951206494295},204.83,0:00:00.076419
2023-06-30,10,36,15,441069,35.14,1006.35,32.61,{'roll': 359.91331490761286, 'pitch': 359.9428572700318, 'yaw': 356.0255244479138},{'roll': 359.85831641014687, 'pitch': 359.9134770779149, 'yaw': 356.0248341719208},352.14,0:00:00.073899
2023-06-30,10,36,20,674362,35.13,1006.34,31.75,{'roll': 357.3685906481903, 'pitch': 359.03384274131014, 'yaw': 347.6282495450187},{'roll': 357.36723293464934, 'pitch': 359.02273471928555, 'yaw': 347.62824186105587},344.00,0:00:00.086065
2023-06-30,10,36,25,922468,35.18,1006.39,32.02,{'roll': 356.6974308605789, 'pitch': 357.78059427567126, 'yaw': 339.8933932817013},{'roll': 356.7065466017999, 'pitch': 357.79421580731037, 'yaw': 339.89333864018795},336.46,0:00:00.085680
2023-06-30,10,36,31,149255,35.11,1006.39,32.46,{'roll': 355.1096981061658, 'pitch': 357.0164841511924, 'yaw': 332.84652489800635},{'roll': 355.15177975541593, 'pitch': 357.0427889172334, 'yaw': 332.8460570300482},329.60,0:00:00.077095
2023-06-30,10,36,36,388823,35.23,1006.36,31.91,{'roll': 353.720196864817, 'pitch': 356.4399293137748, 'yaw': 326.4142044924306},{'roll': 353.7891002400509, 'pitch': 356.476803584113, 'yaw': 326.41312190744713},323.34,0:00:00.071224
2023-06-30,10,36,41,637253,35.23,1006.37,32.08,{'roll': 352.7751548157811, 'pitch': 355.4478185101777, 'yaw': 320.5695945441778},{'roll': 352.8627118645251, 'pitch': 355.50957708065295, 'yaw': 320.5672825251437},317.63,0:00:00.092803
2023-06-30,10,36,46,876993,35.36,1006.39,32.23,{'roll': 352.3528271439263, 'pitch': 355.02395447264644, 'yaw': 314.3495086066818},{'roll': 352.4513577453456, 'pitch': 355.092947921, 'yaw': 314.34659553100084},311.54,0:00:00.095384
2023-06-30,10,36,52,116341,35.32,1006.36,32.31,{'roll': 352.1118324567988, 'pitch': 354.98837132150476, 'yaw': 308.98410131550247},{'roll': 352.2125324970533, 'pitch': 355.0571743783352, 'yaw': 308.98112676811894},306.30,0:00:00.085342
2023-06-30,10,36,57,370962,35.31,1006.37,32.07,{'roll': 352.1161824335265, 'pitch': 354.88922386862606, 'yaw': 303.7698392804664},{'roll': 352.2186190493774, 'pitch': 354.9617848101605, 'yaw': 303.7666461670294},301.19,0:00:00.076646
2023-06-30,10,37,2,613996,35.38,1006.41,32.32,{'roll': 351.8902645352182, 'pitch': 354.8929429066291, 'yaw': 298.22269431585136},{'roll': 351.9962477267957, 'pitch': 354.96536724438016, 'yaw': 298.2193953344822},295.74,0:00:00.067400
2023-06-30,10,37,7,843444,35.38,1006.35,33.43,{'roll': 351.30174470047865, 'pitch': 354.27234850354716, 'yaw': 293.0087191487604},{'roll': 351.4204815627838, 'pitch': 354.3568708138656, 'yaw': 293.0044092993941},290.65,0:00:00.070756
2023-06-30,10,37,13,83666,35.38,1006.38,32.47,{'roll': 351.5724080218133, 'pitch': 354.3126342399324, 'yaw': 287.9792205609623},{'roll': 351.68491916669, 'pitch': 354.3943745288245, 'yaw': 287.97527271162204},285.74,0:00:00.088708
2023-06-30,10,37,18,325995,35.34,1006.36,32.12,{'roll': 351.51593431020837, 'pitch': 354.9377916362667, 'yaw': 283.59695752910375},{'roll': 351.6288048937901, 'pitch': 355.00842817200254, 'yaw': 283.5935287741404},281.46,0:00:00.073801
2023-06-30,10,37,23,549685,35.48,1006.33,32.56,{'roll': 351.5947239573791, 'pitch': 354.74914778780646, 'yaw': 279.34976148808227},{'roll': 351.7066784418384, 'pitch': 354.82445574604776, 'yaw': 279.34615514820047},277.29,0:00:00.068158
2023-06-30,10,37,28,780366,35.59,1006.32,31.60,{'roll': 351.1799453521044, 'pitch': 354.5759222376239, 'yaw': 274.9589402291937},{'roll': 351.3009131249472, 'pitch': 354.65241651434667, 'yaw': 274.95496505909676},272.98,0:00:00.085512
2023-06-30,10,37,34,20259,35.52,1006.32,32.54,{'roll': 351.8018648118853, 'pitch': 354.9644848693168, 'yaw': 271.36369257463906},{'roll': 351.90924477714805, 'pitch': 355.0338552587352, 'yaw': 271.36050287629666},269.46,0:00:00.101375
2023-06-30,10,37,39,269117,35.43,1006.37,31.53,{'roll': 351.7899811365032, 'pitch': 354.2215967829194, 'yaw': 267.41897146101155},{'roll': 351.898652007519, 'pitch': 354.30628216400424, 'yaw': 267.4150236116713},265.57,0:00:00.068521
2023-06-30,10,37,44,491747,35.61,1006.33,31.84,{'roll': 352.16130949337276, 'pitch': 353.6816045884591, 'yaw': 263.82825905206585},{'roll': 352.26178584493186, 'pitch': 353.77596365184286, 'yaw': 263.82419508950966},262.06,0:00:00.069248
2023-06-30,10,37,49,715264,35.45,1006.34,31.80,{'roll': 352.2402733103673, 'pitch': 353.527104428773, 'yaw': 261.1588093885606},{'roll': 352.341001525152, 'pitch': 353.6260375844665, 'yaw': 261.15453369014017},259.43,0:00:00.086344
2023-06-30,10,37,54,955231,35.45,1006.31,31.76,{'roll': 352.31688839606096, 'pitch': 353.82048623994757, 'yaw': 257.99285961390876},{'roll': 352.4130420916491, 'pitch': 353.910615281801, 'yaw': 257.9891439910003},256.32,0:00:00.074974
2023-06-30,10,38,0,194019,35.48,1006.31,32.09,{'roll': 352.58075482539783, 'pitch': 354.2902850071944, 'yaw': 254.48770215450656},{'roll': 352.6735326999887, 'pitch': 354.3712816592407, 'yaw': 254.48447830521832},252.89,0:00:00.065873
2023-06-30,10,38,5,400265,35.56,1006.32,31.91,{'roll': 352.92923961458837, 'pitch': 354.37662329405845, 'yaw': 250.9145638222953},{'roll': 353.01709505722175, 'pitch': 354.45882419383275, 'yaw': 250.91147657679045},249.38,0:00:00.075651
2023-06-30,10,38,10,631462,35.45,1006.33,31.78,{'roll': 353.8846379379533, 'pitch': 354.42326281391905, 'yaw': 247.35419111364274},{'roll': 353.95207879893115, 'pitch': 354.5033390979747, 'yaw': 247.3518756795141},245.85,0:00:00.072588
2023-06-30,10,38,15,847088,35.54,1006.29,31.68,{'roll': 353.7758317438145, 'pitch': 353.9484852656541, 'yaw': 244.49480754969778},{'roll': 353.84347921801475, 'pitch': 354.0389361801721, 'yaw': 244.49218475705646},243.06,0:00:00.074598
2023-06-30,10,38,21,86563,35.48,1006.27,31.32,{'roll': 353.365271634126, 'pitch': 353.86783396504774, 'yaw': 241.26755682724507},{'roll': 353.44250143684496, 'pitch': 353.9599800471404, 'yaw': 241.26451056287527},239.89,0:00:00.068982
2023-06-30,10,38,26,327698,35.52,1006.24,30.94,{'roll': 352.6020291571151, 'pitch': 353.91982664567035, 'yaw': 238.44786349256708},{'roll': 352.6941957297753, 'pitch': 354.0102950625481, 'yaw': 238.44429813382033},237.16,0:00:00.096193
2023-06-30,10,38,31,575633,35.39,1006.31,32.53,{'roll': 352.47275331292064, 'pitch': 354.07866568302677, 'yaw': 235.7309645048977},{'roll': 352.56655315456607, 'pitch': 354.16591964212637, 'yaw': 235.72745378766433},234.51,0:00:00.086751
2023-06-30,10,38,36,805673,35.59,1006.31,32.06,{'roll': 353.37775295106053, 'pitch': 354.4105240842302, 'yaw': 232.92487690704638},{'roll': 353.45428692825783, 'pitch': 354.49147719382046, 'yaw': 232.9222267936484},231.74,0:00:00.068701
2023-06-30,10,38,42,37949,35.65,1006.32,31.76,{'roll': 353.24340227631274, 'pitch': 355.48832494705044, 'yaw': 230.02722379318183},{'roll': 353.3222764470744, 'pitch': 355.54745389469525, 'yaw': 230.02522937794419},228.87,0:00:00.068578
2023-06-30,10,38,47,259531,35.56,1006.31,31.82,{'roll': 352.6341899565958, 'pitch': 355.8658307831375, 'yaw': 227.8673130719487},{'roll': 352.7243715055284, 'pitch': 355.917408529768, 'yaw': 227.8653049963327},226.81,0:00:00.072589
2023-06-30,10,38,52,483044,35.66,1006.36,31.71,{'roll': 353.2495776210961, 'pitch': 355.89549216026876, 'yaw': 225.4525406720257},{'roll': 353.32853204658045, 'pitch': 355.9461597841924, 'yaw': 225.45081946435485},224.42,0:00:00.066970
2023-06-30,10,38,57,722484,35.79,1006.32,31.68,{'roll': 352.57852647618114, 'pitch': 355.7409663873732, 'yaw': 223.3475173509628},{'roll': 352.67012016672464, 'pitch': 355.7944587214055, 'yaw': 223.34541365269843},222.36,0:00:00.068820
2023-06-30,10,39,2,956416,35.79,1006.34,32.72,{'roll': 352.9541313852448, 'pitch': 356.76500853878355, 'yaw': 221.4388073270244},{'roll': 353.03987032300915, 'pitch': 356.7980299420997, 'yaw': 221.4375778929738},220.48,0:00:00.073866
2023-06-30,10,39,8,172018,35.82,1006.31,31.69,{'roll': 353.94725113584843, 'pitch': 357.2102190519052, 'yaw': 219.8008869829203},{'roll': 354.0119381499303, 'pitch': 357.23434562793125, 'yaw': 219.80021762438165},218.83,0:00:00.084115
2023-06-30,10,39,13,419040,35.91,1006.30,32.28,{'roll': 354.91885450990605, 'pitch': 358.37134555455697, 'yaw': 217.55513444419844},{'roll': 354.9643247867581, 'pitch': 358.3713608157609, 'yaw': 217.55512078382012},216.62,0:00:00.073777
2023-06-30,10,39,18,660418,35.81,1006.28,31.65,{'roll': 355.28460004090283, 'pitch': 358.186842188116, 'yaw': 215.5248060718988},{'roll': 355.3219103761308, 'pitch': 358.19172470615547, 'yaw': 215.5247377700071},214.61,0:00:00.076396
2023-06-30,10,39,23,905876,35.75,1006.35,31.64,{'roll': 356.4807539947742, 'pitch': 357.38245187678064, 'yaw': 213.5767131772061},{'roll': 356.4949319733873, 'pitch': 357.4027836423925, 'yaw': 213.57659023380106},212.69,0:00:00.088325
2023-06-30,10,39,29,130880,35.72,1006.31,31.79,{'roll': 356.2508186645735, 'pitch': 357.4805348873659, 'yaw': 212.1266913371691},{'roll': 356.2683393804551, 'pitch': 357.4995938899146, 'yaw': 212.1265547333857},211.27,0:00:00.075707
2023-06-30,10,39,34,379159,35.81,1006.30,30.50,{'roll': 356.7461030020478, 'pitch': 357.028298030579, 'yaw': 210.0369949606037},{'roll': 356.7542258045182, 'pitch': 357.05664950549345, 'yaw': 210.0368993379553},209.21,0:00:00.069434
2023-06-30,10,39,39,604957,35.75,1006.32,31.57,{'roll': 356.6463924854494, 'pitch': 356.93016293980133, 'yaw': 208.18258494056687},{'roll': 356.6571752197147, 'pitch': 356.9591993546235, 'yaw': 208.18244833678347},207.38,0:00:00.079553
2023-06-30,10,39,44,835450,35.79,1006.30,30.58,{'roll': 356.62229557805756, 'pitch': 357.28960868850584, 'yaw': 206.90774379236234},{'roll': 356.63285398329737, 'pitch': 357.31185077265116, 'yaw': 206.90764816971395},206.15,0:00:00.084383
2023-06-30,10,39,50,84062,35.79,1006.26,31.60,{'roll': 356.17196882636074, 'pitch': 356.96662590468543, 'yaw': 205.40432353339415},{'roll': 356.19189761081157, 'pitch': 356.99594000938606, 'yaw': 205.40407764658403},204.69,0:00:00.066623
2023-06-30,10,39,55,329273,35.68,1006.26,31.19,{'roll': 355.8995014813115, 'pitch': 356.56481825553146, 'yaw': 203.47633871561797},{'roll': 355.9241384005346, 'pitch': 356.600621253387, 'yaw': 203.47595622502445},202.79,0:00:00.069710
2023-06-30,10,40,0,561812,35.65,1006.25,30.19,{'roll': 355.95936510117895, 'pitch': 357.37794267126793, 'yaw': 201.71522907964354},{'roll': 355.9849911171712, 'pitch': 357.39874422582864, 'yaw': 201.7150105135901},201.09,0:00:00.068372
2023-06-30,10,40,5,769177,35.68,1006.26,31.71,{'roll': 355.8024321134878, 'pitch': 358.04937865465394, 'yaw': 200.23430746380137},{'roll': 355.8301780494437, 'pitch': 358.05579945936057, 'yaw': 200.23423916190967},199.64,0:00:00.076900
2023-06-30,10,40,11,16225,35.70,1006.28,31.64,{'roll': 355.0014250936691, 'pitch': 357.8521379459062, 'yaw': 199.2624125260436},{'roll': 355.04436990807557, 'pitch': 357.86339986063047, 'yaw': 199.26220762036849},198.69,0:00:00.068658
2023-06-30,10,40,16,247391,35.65,1006.31,31.62,{'roll': 354.5482258205395, 'pitch': 357.70857355941143, 'yaw': 198.07303070473424},{'roll': 354.60292709805486, 'pitch': 357.7239116029664, 'yaw': 198.07266187451907},197.55,0:00:00.067992
2023-06-30,10,42,54,749092,35.38,1006.21,34.02,{'roll': 359.91754460897806, 'pitch': 359.9506748484237, 'yaw': 356.0265173866644},{'roll': 359.86104128209973, 'pitch': 359.9217343697449, 'yaw': 356.02581857293495},352.15,0:00:00.071358
2023-06-30,10,43,4,992410,35.52,1006.18,32.36,{'roll': 357.8325474692627, 'pitch': 357.0833623753374, 'yaw': 347.6095962983954},{'roll': 357.8191622194802, 'pitch': 357.110010785271, 'yaw': 347.60974827010443},344.00,0:00:00.076351
2023-06-30,10,43,15,236290,35.56,1006.18,31.99,{'roll': 355.3833731140377, 'pitch': 355.3635668461051, 'yaw': 340.67224146030514},{'roll': 355.4185242557143, 'pitch': 355.42550684348015, 'yaw': 340.67130913948347},337.25,0:00:00.073455
2023-06-30,10,43,25,472251,35.57,1006.19,31.93,{'roll': 354.71885205685606, 'pitch': 353.1569346427413, 'yaw': 333.62262392546927},{'roll': 354.76748428440703, 'pitch': 353.26214644982934, 'yaw': 333.6204280196511},330.37,2023-06-30,10,44,5,529307,35.65,1006.17,31.79,{'roll': 359.9162358873702, 'pitch': 359.9465183614837, 'yaw': 356.03006481616455},{'roll': 359.8622459567146, 'pitch': 359.9158501817853, 'yaw': 356.029356610925},352.17,0:00:00.083891
2023-06-30,10,44,15,772904,35.68,1006.15,31.72,{'roll': 356.56630659644026, 'pitch': 358.22283354978225, 'yaw': 346.98356250341317},{'roll': 356.5788577093704, 'pitch': 358.22583979351236, 'yaw': 346.98354542794027},343.40,0:00:00.073251
2023-06-30,10,44,26,1425,35.79,1006.15,31.26,{'roll': 354.400472180206, 'pitch': 355.9943523183155, 'yaw': 338.90312001243433},{'roll': 354.45586586814846, 'pitch': 356.0433828312724, 'yaw': 338.90195546518083},335.56,0:00:00.093005
2023-06-30,10,44,36,246111,35.66,1006.23,32.93,{'roll': 353.12673923019435, 'pitch': 354.9987847986681, 'yaw': 332.28630082945085},{'roll': 353.2073371699478, 'pitch': 355.06620901105987, 'yaw': 332.2839717349439},329.09,0:00:00.067755
2023-06-30,10,44,46,481868,35.65,1006.17,31.63,{'roll': 351.31255091351926, 'pitch': 353.7479547536039, 'yaw': 325.7906662778164},{'roll': 351.43033581820885, 'pitch': 353.84182801978295, 'yaw': 325.78591929634325},322.79,0:00:00.085075
2023-06-30,10,44,56,710206,35.75,1006.15,31.57,{'roll': 349.3939746813248, 'pitch': 353.62572894529336, 'yaw': 318.5880234772683},{'roll': 349.54997620196787, 'pitch': 353.72254388857056, 'yaw': 318.5815382126513},315.79,0:00:00.080040
2023-06-30,10,45,6,945413,35.61,1006.18,31.72,{'roll': 349.400362615746, 'pitch': 352.3754393389473, 'yaw': 312.5535001191432},{'roll': 349.5568610326512, 'pitch': 352.4972361260006, 'yaw': 312.54530730723377},309.88,0:00:00.103298
2023-06-30,10,50,32,930303,35.48,1006.09,31.97,{'roll': 359.9163324238232, 'pitch': 359.9407893435492, 'yaw': 356.0369487930743},{'roll': 359.8607216772714, 'pitch': 359.91204615328377, 'yaw': 356.03626492038364},352.17,0:00:00.077210
2023-06-30,10,50,38,169373,35.48,1006.13,31.49,{'roll': 357.73792928557737, 'pitch': 357.94364583219823, 'yaw': 348.20330110048866},{'roll': 357.72647911376407, 'pitch': 357.9530975333491, 'yaw': 348.2033472042655},344.56,0:00:00.069977
2023-06-30,10,50,43,390909,35.47,1006.09,31.59,{'roll': 356.2354148804478, 'pitch': 357.07340588051824, 'yaw': 340.63101956111683},{'roll': 356.25518144790584, 'pitch': 357.10142395682385, 'yaw': 340.63078391959044},337.20,0:00:00.075771
2023-06-30,10,50,48,629233,35.38,1006.09,32.16,{'roll': 355.11110000249295, 'pitch': 355.779512986841, 'yaw': 333.61719221753185},{'roll': 355.1530791989055, 'pitch': 355.83106853535674, 'yaw': 333.6162701419939},330.37,0:00:00.078890
2023-06-30,10,50,53,873516,35.48,1006.05,31.96,{'roll': 354.8995733127659, 'pitch': 355.2083209151389, 'yaw': 327.1973573977589},{'roll': 354.9452484952931, 'pitch': 355.27304592214807, 'yaw': 327.1960869825732},324.10,0:00:00.077246
2023-06-30,10,50,59,104898,35.47,1006.09,31.69,{'roll': 354.9006328458609, 'pitch': 354.3546130094581, 'yaw': 320.2155619338339},{'roll': 354.94721601666083, 'pitch': 354.43467776756944, 'yaw': 320.2139670846627},317.23,0:00:00.096302
2023-06-30,10,51,4,344192,35.47,1006.12,32.08,{'roll': 354.4240914012428, 'pitch': 354.4375763290985, 'yaw': 314.16899353710755},{'roll': 354.47908680377924, 'pitch': 354.51773244098996, 'yaw': 314.1671118199912},311.32,0:00:00.097899
2023-06-30,10,51,9,590718,35.61,1006.14,32.43,{'roll': 353.77667057642196, 'pitch': 353.98492902063117, 'yaw': 308.50684184724787},{'roll': 353.84554663089915, 'pitch': 354.07527620165115, 'yaw': 308.50417124328237},305.80,0:00:00.096212
2023-06-30,10,51,14,832622,35.59,1006.09,32.13,{'roll': 353.34022959930775, 'pitch': 353.3344247922869, 'yaw': 303.0971510245848},{'roll': 353.4179200129089, 'pitch': 353.436890009555, 'yaw': 303.0937393450943},300.51,0:00:00.090990
2023-06-30,10,51,20,73570,35.47,1006.10,31.94,{'roll': 352.62666138058313, 'pitch': 353.44399895582046, 'yaw': 298.3042536047305},{'roll': 352.7188723494729, 'pitch': 353.54276135678475, 'yaw': 298.3003535667144},295.83,0:00:00.075993
2023-06-30,10,51,25,296155,35.48,1006.12,32.96,{'roll': 351.85084922106535, 'pitch': 353.96228438221164, 'yaw': 293.43587234926383},{'roll': 351.95750860137065, 'pitch': 354.0521794900859, 'yaw': 293.43176740557266},291.09,0:00:00.080513
2023-06-30,10,51,30,517571,35.61,1006.13,33.09,{'roll': 351.1750387149594, 'pitch': 353.77381384980157, 'yaw': 288.8567905862822},{'roll': 351.296376171791, 'pitch': 353.8659646276493, 'yaw': 288.8519957934849},286.63,0:00:00.072609
2023-06-30,10,51,35,757261,35.52,1006.18,31.20,{'roll': 350.82628925593855, 'pitch': 353.5746950524755, 'yaw': 284.126426963374},{'roll': 350.95388743491816, 'pitch': 353.67260666800127, 'yaw': 284.12107892525387},281.99,0:00:00.071832
2023-06-30,10,52,46,101053,35.63,1006.10,31.79,{'roll': 359.92682809004015, 'pitch': 359.9491975198609, 'yaw': 356.0285220471858},{'roll': 359.8747367185201, 'pitch': 359.9228822217216, 'yaw': 356.02793550469084},352.17,0:00:00.069432
2023-06-30,10,52,51,343045,35.63,1006.09,32.16,{'roll': 358.8085886520118, 'pitch': 359.28274940217824, 'yaw': 347.5954953728539},{'roll': 358.77577354175304, 'pitch': 359.2663245581325, 'yaw': 347.5952674152904},343.95,0:00:00.074619
2023-06-30,10,52,56,573545,35.59,1006.07,31.59,{'roll': 358.2630979418263, 'pitch': 357.80462864414346, 'yaw': 340.2002685584681},{'roll': 358.2408902220702, 'pitch': 357.81805039274934, 'yaw': 340.20039491696775},336.72,0:00:00.070342
2023-06-30,10,53,1,796219,35.50,1006.10,31.90,{'roll': 356.87047007466316, 'pitch': 357.2264772500074, 'yaw': 333.2967504775261},{'roll': 356.8754857813915, 'pitch': 357.2511461857422, 'yaw': 333.2967026662019},329.99,0:00:00.084080
2023-06-30,10,53,7,38213,35.54,1006.11,32.29,{'roll': 355.9619050777765, 'pitch': 357.679565532563, 'yaw': 326.72826342065696},{'roll': 355.99199419550456, 'pitch': 357.6958376044869, 'yaw': 326.7280482696981},323.59,0:00:00.084041
2023-06-30,10,53,12,276937,35.50,1006.11,31.88,{'roll': 355.3686011224102, 'pitch': 356.9986044234926, 'yaw': 320.32299056419447},{'roll': 355.40394521693094, 'pitch': 357.0272363630499, 'yaw': 320.32256026227674},317.32,0:00:00.075739
2023-06-30,10,53,17,492481,35.48,1006.11,32.01,{'roll': 354.79418989717493, 'pitch': 356.19421261805337, 'yaw': 314.351342512474},{'roll': 354.84189449965925, 'pitch': 356.2400734963486, 'yaw': 314.3504067765577},311.49,0:00:00.095762
2023-06-30,10,53,22,724637,35.48,1006.11,31.76,{'roll': 354.4831161885027, 'pitch': 355.5985044360992, 'yaw': 308.66034010356015},{'roll': 354.5371468268189, 'pitch': 355.65602103221306, 'yaw': 308.6590116317666},305.93,0:00:00.089551
2023-06-30,10,53,27,973184,35.41,1006.14,32.23,{'roll': 354.1347530620568, 'pitch': 355.6837439162805, 'yaw': 303.17564014343196},{'roll': 354.19597674334267, 'pitch': 355.7377745545967, 'yaw': 303.17422629427375},300.55,0:00:00.077092
2023-06-30,10,53,33,202645,35.43,1006.10,32.05,{'roll': 353.40616653800777, 'pitch': 355.6724267197126, 'yaw': 297.97203320350104},{'roll': 353.4823064986673, 'pitch': 355.7295962568393, 'yaw': 297.9701753920468},295.47,0:00:00.076702
2023-06-30,10,53,38,424457,35.32,1006.06,31.98,{'roll': 352.5079595229975, 'pitch': 355.58094700795084, 'yaw': 292.6209829699571},{'roll': 352.6011429400703, 'pitch': 355.63872742012137, 'yaw': 292.6186743660177},290.27,0:00:00.094944
2023-06-30,10,53,43,675511,35.39,1006.14,32.36,{'roll': 352.6076700395959, 'pitch': 354.93347068784306, 'yaw': 288.1337877418797},{'roll': 352.6990255272921, 'pitch': 355.00193607719643, 'yaw': 288.1311034775359},285.85,0:00:00.084558
2023-06-30,10,53,48,906417,35.38,1006.09,31.31,{'roll': 352.51478373575196, 'pitch': 354.91613950971094, 'yaw': 283.2647781090094},{'roll': 352.6082668273747, 'pitch': 354.98580402415047, 'yaw': 283.261991391828},281.08,0:00:00.079033
2023-06-30,12,0,27,117680,34.46,1005.24,35.22,{'roll': 359.8996882133112, 'pitch': 359.9357675603538, 'yaw': 356.00646267060074},{'roll': 359.8435541702153, 'pitch': 359.9088737371876, 'yaw': 356.005817644611},352.11,0:00:00.076429
2023-06-30,12,0,32,342655,34.30,1005.21,34.88,{'roll': 358.79020146260103, 'pitch': 358.3128423162732, 'yaw': 347.5167441454973},{'roll': 358.75718315421443, 'pitch': 358.31610906768714, 'yaw': 347.5167885417269},343.87,0:00:00.082980
2023-06-30,12,0,37,573351,34.39,1005.23,34.87,{'roll': 357.44864409380085, 'pitch': 357.0311573185203, 'yaw': 340.2357838346049},{'roll': 357.4439090651587, 'pitch': 357.0615083313143, 'yaw': 340.2358435987601},336.75,0:00:00.078471
2023-06-30,12,0,42,795380,34.45,1005.24,35.16,{'roll': 355.61001373173747, 'pitch': 355.9287936013408, 'yaw': 333.02485772214084},{'roll': 355.6412161703002, 'pitch': 355.98205498960175, 'yaw': 333.0241422598252},329.75,0:00:00.083110
2023-06-30,12,0,48,27598,34.45,1005.24,35.16,{'roll': 354.847385971752, 'pitch': 354.8611927722723, 'yaw': 326.119700395798},{'roll': 354.89362293733836, 'pitch': 354.9355116337444, 'yaw': 326.11822849003187},323.03,0:00:00.081847
2023-06-30,12,0,53,251114,34.30,1005.24,35.14,{'roll': 352.7831905333396, 'pitch': 354.5486612450991, 'yaw': 320.012281843756},{'roll': 352.87171618828535, 'pitch': 354.6303626872903, 'yaw': 320.00917752277826},317.08,0:00:00.081716
2023-06-30,12,0,58,481818,34.52,1005.25,35.25,{'roll': 352.30828406525404, 'pitch': 353.9745347533749, 'yaw': 313.7355189965273},{'roll': 352.40605651567546, 'pitch': 354.06593591796116, 'yaw': 313.7316872604029},310.94,0:00:00.081648
2023-06-30,12,1,3,714946,34.48,1005.18,35.09,{'roll': 352.01801468590685, 'pitch': 354.2499655467502, 'yaw': 308.1219094610989},{'roll': 352.12243974057986, 'pitch': 354.33469062830966, 'yaw': 308.11811187592036},305.45,0:00:00.069319
2023-06-30,12,1,8,966911,34.54,1005.22,35.36,{'roll': 352.3243375711245, 'pitch': 353.48646779141916, 'yaw': 302.3930165777644},{'roll': 352.4207089789925, 'pitch': 353.5882145581639, 'yaw': 302.388822841614},299.83,0:00:00.082530
2023-06-30,12,1,14,199501,34.54,1005.25,34.29,{'roll': 352.16215558305623, 'pitch': 353.93221105929604, 'yaw': 296.8263441023123},{'roll': 352.26380587337894, 'pitch': 354.0247780517963, 'yaw': 296.82230063032364},294.37,0:00:00.082965
2023-06-30,12,1,19,433813,34.68,1005.18,35.81,{'roll': 351.4115621895014, 'pitch': 352.85166232599533, 'yaw': 292.09109689414754},{'roll': 351.52788457993495, 'pitch': 352.9649380251723, 'yaw': 292.08543466732556},289.76,0:00:00.083914
2023-06-30,12,1,24,662083,34.68,1005.17,35.05,{'roll': 351.49171189809056, 'pitch': 352.960249100307, 'yaw': 287.6835689925491},{'roll': 351.6043306184467, 'pitch': 353.07076369551197, 'yaw': 287.6782414449965},285.44,0:00:00.081550
2023-06-30,12,1,29,893546,34.72,1005.18,35.13,{'roll': 350.38887540375447, 'pitch': 352.8330748199428, 'yaw': 283.2602838445355},{'roll': 350.5278193807191, 'pitch': 352.9464060144067, 'yaw': 283.2535219572572},281.14,0:00:00.083414
2023-06-30,12,1,35,111698,34.72,1005.08,35.01,{'roll': 351.1247377868168, 'pitch': 353.44616028380597, 'yaw': 278.8265894882268},{'roll': 351.24696487578785, 'pitch': 353.54810512603666, 'yaw': 278.82124145010664},276.77,0:00:00.071691
2023-06-30,12,1,40,326544,34.61,1005.18,35.13,{'roll': 352.1310577317651, 'pitch': 353.62520558204824, 'yaw': 274.62140594079},{'roll': 352.23139150312534, 'pitch': 353.7221993909043, 'yaw': 274.6172395253963},272.62,0:00:00.069656
2023-06-30,12,1,45,567037,34.59,1005.19,35.23,{'roll': 351.4804378170918, 'pitch': 353.5353301109678, 'yaw': 270.355829860712},{'roll': 351.5963128301347, 'pitch': 353.6337288043587, 'yaw': 270.35094627545544},268.45,0:00:00.089808
2023-06-30,12,1,50,805238,34.70,1005.23,35.37,{'roll': 351.54986498245773, 'pitch': 353.2008677001433, 'yaw': 266.8527624391958},{'roll': 351.66330247174056, 'pitch': 353.30714672428917, 'yaw': 266.84759881618334},265.00,0:00:00.092215
2023-06-30,12,1,56,51101,34.72,1005.25,34.85,{'roll': 351.47639349132953, 'pitch': 353.63679555929605, 'yaw': 263.140315568673},{'roll': 351.5926492874187, 'pitch': 353.7334696299216, 'yaw': 263.1354797947406},261.37,0:00:00.062237
2023-06-30,12,2,1,260412,34.73,1005.23,34.24,{'roll': 351.7269931319773, 'pitch': 354.22450217463756, 'yaw': 259.66774494180095},{'roll': 351.8371137106445, 'pitch': 354.30894081513867, 'yaw': 259.66375611132565},257.97,0:00:00.083338
2023-06-30,12,2,6,497085,34.77,1005.16,35.56,{'roll': 351.33697908508583, 'pitch': 355.0616682159223, 'yaw': 255.7635746612758},{'roll': 351.45404511236524, 'pitch': 355.1304277302968, 'yaw': 255.76012541574494},254.15,0:00:00.081893
2023-06-30,12,2,11,728730,34.72,1005.15,34.97,{'roll': 351.22030493991, 'pitch': 354.7018640957298, 'yaw': 252.39868879685818},{'roll': 351.3398588635946, 'pitch': 354.7775750351321, 'yaw': 252.39480241922044},250.87,0:00:00.066962
2023-06-30,12,2,16,977321,34.79,1005.13,32.52,{'roll': 351.5206087209216, 'pitch': 354.7996433763404, 'yaw': 249.21825902116592},{'roll': 351.6337815403741, 'pitch': 354.87395498073647, 'yaw': 249.21465951147334},247.72,0:00:00.063852
2023-06-30,12,2,22,234163,34.72,1005.17,35.08,{'roll': 351.8889463087084, 'pitch': 354.4303879818839, 'yaw': 246.35712692879343},{'roll': 351.99577473619564, 'pitch': 354.5109965938079, 'yaw': 246.35343862664163},244.91,0:00:00.081152
2023-06-30,12,2,27,468180,34.73,1005.17,35.22,{'roll': 352.78941198189983, 'pitch': 354.9891320338236, 'yaw': 243.47724596714926},{'roll': 352.87841361565336, 'pitch': 355.0600345200502, 'yaw': 243.47454121223794},242.09,0:00:00.081586
2023-06-30,12,2,32,706397,34.84,1005.12,34.06,{'roll': 352.76493685278274, 'pitch': 355.4025655187186, 'yaw': 240.56912900347626},{'roll': 352.85374297237126, 'pitch': 355.46429847598444, 'yaw': 240.56676575802345},239.25,0:00:00.067827
2023-06-30,12,2,37,928014,34.79,1005.19,35.39,{'roll': 352.612880620159, 'pitch': 355.9793737134657, 'yaw': 237.8170682019597},{'roll': 352.70453663617866, 'pitch': 356.02993931143857, 'yaw': 237.81508744710038},236.53,0:00:00.082729
2023-06-30,12,2,43,154199,34.95,1005.23,35.27,{'roll': 352.88196958289, 'pitch': 356.1605248444064, 'yaw': 234.98401501726514},{'roll': 352.96724022580935, 'pitch': 356.20683267320544, 'yaw': 234.98232113035095},233.75,0:00:00.066749
2023-06-30,12,2,48,408295,34.84,1005.19,35.11,{'roll': 352.759295970302, 'pitch': 356.1493532162452, 'yaw': 232.46763672324903},{'roll': 352.8481528894224, 'pitch': 356.1964469436856, 'yaw': 232.46586087406484},231.28,0:00:00.082499
2023-06-30,12,2,53,642618,34.86,1005.22,34.75,{'roll': 352.5292125103736, 'pitch': 355.9686848943014, 'yaw': 230.18595738949293},{'roll': 352.62176413494825, 'pitch': 356.0187779285611, 'yaw': 230.18396297425528},229.04,0:00:00.071142
2023-06-30,12,2,58,885409,34.88,1005.17,34.78,{'roll': 351.70657855032175, 'pitch': 356.2891548088375, 'yaw': 227.94474009637995},{'roll': 351.8161697893283, 'pitch': 356.3325491350687, 'yaw': 227.94270470000728},226.86,0:00:00.082457
2023-06-30,12,3,4,122377,34.89,1005.22,34.80,{'roll': 352.03283790395307, 'pitch': 356.25399470253757, 'yaw': 225.76928386459588},{'roll': 352.1353812415098, 'pitch': 356.2984182528993, 'yaw': 225.76733043049325},224.73,0:00:00.082125
2023-06-30,12,3,9,352944,34.89,1005.22,33.93,{'roll': 351.47488401952296, 'pitch': 356.03777567285067, 'yaw': 223.6433601646727},{'roll': 351.58980024476114, 'pitch': 356.0862367187856, 'yaw': 223.64098325884154},222.66,0:00:00.079226
2023-06-30,12,3,14,568738,34.88,1005.18,34.59,{'roll': 350.8839753261212, 'pitch': 356.21888155378815, 'yaw': 221.7399367071519},{'roll': 351.00922477379993, 'pitch': 356.2660149817031, 'yaw': 221.737409537159},220.83,0:00:00.082072
2023-06-30,12,3,19,808212,34.79,1005.24,34.62,{'roll': 351.03681617672584, 'pitch': 356.2219141577797, 'yaw': 219.87646985627566},{'roll': 351.1597954402792, 'pitch': 356.26778912334004, 'yaw': 219.87406562968783},218.99,0:00:00.073416
2023-06-30,12,3,25,32062,34.88,1005.18,32.68,{'roll': 351.333597287673, 'pitch': 356.54724674011794, 'yaw': 218.34508680284546},{'roll': 351.45067612155714, 'pitch': 356.5855026296592, 'yaw': 218.3431606894995},217.49,0:00:00.082262
2023-06-30,12,3,30,254852,34.82,1005.15,34.40,{'roll': 351.82177225199496, 'pitch': 356.66716458481926, 'yaw': 216.79497537071106},{'roll': 351.92990866070824, 'pitch': 356.70417140351606, 'yaw': 216.79326782341855},215.95,0:00:00.082145
2023-06-30,12,3,35,485746,34.84,1005.15,33.42,{'roll': 351.931413009873, 'pitch': 356.334696375789, 'yaw': 215.49595535284467},{'roll': 352.03649973912184, 'pitch': 356.3774738505608, 'yaw': 215.49402923949873},214.67,0:00:00.067092
2023-06-30,12,3,40,727573,34.88,1005.15,33.97,{'roll': 352.29698693236685, 'pitch': 356.60478489401635, 'yaw': 214.20336937317643},{'roll': 352.395426180006, 'pitch': 356.64280578236145, 'yaw': 214.2017574485323},213.37,0:00:00.082652
2023-06-30,12,3,45,957348,34.80,1005.18,34.76,{'roll': 352.23946051785606, 'pitch': 356.7217789908661, 'yaw': 212.9246076963883},{'roll': 352.3380636900353, 'pitch': 356.75682277050674, 'yaw': 212.9231323755276},212.12,0:00:00.082350
2023-06-30,12,3,51,195659,34.75,1005.17,34.94,{'roll': 351.91556355590393, 'pitch': 356.4680635032963, 'yaw': 211.2958534661504},{'roll': 352.02182422391644, 'pitch': 356.5090431442125, 'yaw': 211.29399565469615},210.55,0:00:00.081340
2023-06-30,12,3,56,412336,34.86,1005.15,35.15,{'roll': 351.8734383641979, 'pitch': 357.037715580784, 'yaw': 210.09718258756985},{'roll': 351.98074917379523, 'pitch': 357.0678676643184, 'yaw': 210.09578922897916},209.38,0:00:00.082247
2023-06-30,12,4,1,635677,34.89,1005.13,34.95,{'roll': 351.84634898017595, 'pitch': 357.3862537308274, 'yaw': 208.6939475433474},{'roll': 351.9522297189159, 'pitch': 357.40745015569945, 'yaw': 208.69297765648525},207.98,0:00:00.082922
2023-06-30,12,4,6,866805,34.86,1005.14,35.84,{'roll': 352.4051446854213, 'pitch': 357.670720010701, 'yaw': 207.49798141967815},{'roll': 352.5006401215282, 'pitch': 357.68736069939666, 'yaw': 207.49729840076117},206.80,0:00:00.082188
2023-06-30,12,4,12,97800,34.88,1005.11,35.29,{'roll': 352.96963207267936, 'pitch': 358.51820476027433, 'yaw': 205.9040611542073},{'roll': 353.05351277210264, 'pitch': 358.51789846897873, 'yaw': 205.90407481458564},205.24,0:00:00.083972
2023-06-30,12,4,17,312707,34.73,1005.13,34.85,{'roll': 352.98109739897484, 'pitch': 358.5722007140361, 'yaw': 204.80371767891825},{'roll': 353.06513519274904, 'pitch': 358.5699980847505, 'yaw': 204.80379964118828},204.14,0:00:00.067770
2023-06-30,12,4,22,558859,34.73,1005.19,34.62,{'roll': 352.8442460212172, 'pitch': 358.7961409524146, 'yaw': 203.52145894527507},{'roll': 352.9315512067356, 'pitch': 358.7908883234994, 'yaw': 203.52165019057185},202.88,0:00:00.068268
2023-06-30,12,4,27,805259,34.82,1005.15,37.03,{'roll': 352.8620501899493, 'pitch': 358.70096952340646, 'yaw': 202.7600157962237},{'roll': 352.9497318896457, 'pitch': 358.69770074428004, 'yaw': 202.7601387396288},202.15,0:00:00.083041
2023-06-30,12,4,33,41383,34.80,1005.16,34.83,{'roll': 353.7171309636533, 'pitch': 359.3641529840886, 'yaw': 201.32179652307246},{'roll': 353.7869909922578, 'pitch': 359.3460999936995, 'yaw': 201.32232927782772},200.72,0:00:00.077920
2023-06-30,12,4,38,255296,34.89,1005.15,34.67,{'roll': 353.72385272357025, 'pitch': 359.7877421065058, 'yaw': 200.22287372713078},{'roll': 353.79352705640673, 'pitch': 359.7626392669957, 'yaw': 200.22361138756114},199.65,0:00:00.075779
2023-06-30,12,4,43,474905,34.89,1005.11,34.55,{'roll': 354.4869684151946, 'pitch': 0.612310450835776, 'yaw': 199.03263130198602},{'roll': 354.54144600401463, 'pitch': 0.5692955202686223, 'yaw': 199.03364216998318},198.44,0:00:00.081969
2023-06-30,12,4,48,700321,34.97,1005.21,34.66,{'roll': 355.90862789470316, 'pitch': 0.08619627362415351, 'yaw': 197.9333943173425},{'roll': 355.9330453940991, 'pitch': 0.05319138549205029, 'yaw': 197.933735826801},197.32,0:00:00.083325
2023-06-30,12,4,53,933505,35.02,1005.06,34.75,{'roll': 356.5451549946846, 'pitch': 0.219230422739324, 'yaw': 197.3735373714549},{'roll': 356.55814281283483, 'pitch': 0.18493350827617766, 'yaw': 197.37371495637333},196.75,0:00:00.082173
2023-06-30,12,4,59,177810,34.95,1005.16,34.60,{'roll': 356.4447177032698, 'pitch': 0.5549417176452819, 'yaw': 195.35716990581875},{'roll': 356.4606380204515, 'pitch': 0.5130904805579692, 'yaw': 195.3574567737639},194.79,0:00:00.072733
2023-06-30,12,5,4,387419,34.93,1005.18,34.85,{'roll': 356.1499768978938, 'pitch': 0.5469006640014727, 'yaw': 193.99753878925767},{'roll': 356.1702792083148, 'pitch': 0.504296985527548, 'yaw': 193.99790761947287},193.47,0:00:00.080155
2023-06-30,12,5,9,625795,34.89,1005.24,34.56,{'roll': 355.8857851807977, 'pitch': 0.6358815403831957, 'yaw': 192.79364964615124},{'roll': 355.9125531190418, 'pitch': 0.5923897772346106, 'yaw': 192.7941550801498},192.29,0:00:00.068364
2023-06-30,12,5,14,868471,35.00,1005.18,34.65,{'roll': 355.9142000484054, 'pitch': 359.8777263937055, 'yaw': 191.6123547688192},{'roll': 355.93957718937975, 'pitch': 359.8505745508052, 'yaw': 191.61264163676432},191.13,0:00:00.082590
2023-06-30,12,5,20,97839,35.04,1005.16,34.02,{'roll': 355.3588471853886, 'pitch': 359.5372471598514, 'yaw': 190.85499607289148},{'roll': 355.39503224695085, 'pitch': 359.5166205221665, 'yaw': 190.8553102615933},190.44,0:00:00.081925
2023-06-30,12,5,25,330125,35.04,1005.20,34.27,{'roll': 354.5070449024862, 'pitch': 359.5971456777166, 'yaw': 189.92167804356592},{'roll': 354.56085270588073, 'pitch': 359.57357581546876, 'yaw': 189.92222445869953},189.55,0:00:00.082507
2023-06-30,12,5,30,562631,35.09,1005.22,34.82,{'roll': 354.3154410207944, 'pitch': 358.7234372172378, 'yaw': 189.23320863560699},{'roll': 354.3724965791393, 'pitch': 358.7179215193179, 'yaw': 189.2333452393904},188.88,0:00:00.073313
2023-06-30,12,5,35,800083,35.04,1005.16,35.65,{'roll': 353.66534062738486, 'pitch': 358.47409710616165, 'yaw': 188.93210657623615},{'roll': 353.7354055616645, 'pitch': 358.47356648584054, 'yaw': 188.93212023661448},188.58,0:00:00.067853
2023-06-30,12,5,41,31169,35.11,1005.15,34.89,{'roll': 354.8825516275806, 'pitch': 359.37391609917694, 'yaw': 188.38457129161125},{'roll': 354.9271275765382, 'pitch': 359.3545328227252, 'yaw': 188.38494012182642},188.01,0:00:00.081888
2023-06-30,12,5,46,256739,35.04,1005.14,34.48,{'roll': 354.73119207425214, 'pitch': 358.34297113447576, 'yaw': 187.1846846393584},{'roll': 354.781390976444, 'pitch': 358.34506821599433, 'yaw': 187.1846436582234},186.86,0:00:00.081941
2023-06-30,12,5,51,486023,35.06,1005.14,34.66,{'roll': 354.85208044614586, 'pitch': 358.744436633841, 'yaw': 187.15142161810044},{'roll': 354.8986960603444, 'pitch': 358.73966019717705, 'yaw': 187.15151724074883},186.80,0:00:00.082269
2023-06-30,12,5,56,719793,35.18,1005.18,34.31,{'roll': 355.1353044853642, 'pitch': 358.5510510332712, 'yaw': 186.6062905600634},{'roll': 355.17657974540543, 'pitch': 358.5498661021719, 'yaw': 186.6063178808201},186.25,0:00:00.067056
2023-06-30,12,6,1,932230,35.14,1005.17,34.37,{'roll': 355.43504477576926, 'pitch': 358.57848897038417, 'yaw': 185.6132630170136},{'roll': 355.4700144905461, 'pitch': 358.5758782372957, 'yaw': 185.6133039981486},185.29,0:00:00.082311
2023-06-30,12,6,7,163792,35.14,1005.07,33.19,{'roll': 355.2186729205997, 'pitch': 358.78071710460824, 'yaw': 184.75326023823894},{'roll': 355.25854543054015, 'pitch': 358.77435211535374, 'yaw': 184.75336952126565},184.44,0:00:00.085884
2023-06-30,12,6,12,389025,35.16,1005.12,35.93,{'roll': 355.3236431097459, 'pitch': 358.72752348463047, 'yaw': 184.34167303885397},{'roll': 355.3617316596525, 'pitch': 358.7216581664024, 'yaw': 184.34176866150236},184.05,0:00:00.079671
2023-06-30,12,6,17,603392,35.09,1005.11,33.98,{'roll': 354.9780449292534, 'pitch': 358.018025738486, 'yaw': 184.38552285332545},{'roll': 355.0218290031541, 'pitch': 358.0265933570262, 'yaw': 184.38537258916372},184.09,0:00:00.071026
2023-06-30,12,6,22,808763,35.18,1005.13,34.46,{'roll': 355.0083897521884, 'pitch': 358.5193605563479, 'yaw': 183.874966212867},{'roll': 355.05246069403427, 'pitch': 358.5182135114542, 'yaw': 183.8749935336237},183.59,0:00:00.067621
2023-06-30,12,6,28,12597,35.18,1005.15,34.36,{'roll': 355.9866529875736, 'pitch': 358.16080998931153, 'yaw': 183.86959768417938},{'roll': 356.01058468976487, 'pitch': 358.1662587727219, 'yaw': 183.869543042666},183.57,0:00:00.065521
2023-06-30,12,6,33,212817,35.29,1005.13,35.16,{'roll': 355.28696712833704, 'pitch': 357.93139097872336, 'yaw': 183.06345777719943},{'roll': 355.3254932372373, 'pitch': 357.9425948368397, 'yaw': 183.06326653190268},182.79,0:00:00.083412
2023-06-30,12,6,38,435424,35.27,1005.13,34.90,{'roll': 355.04317675940496, 'pitch': 358.3734904473998, 'yaw': 182.88090048106335},{'roll': 355.0868050196152, 'pitch': 358.3743735695151, 'yaw': 182.880886820685},182.63,0:00:00.035869
2023-06-30,12,6,43,609744,35.27,1005.13,34.76,{'roll': 355.5848611332321, 'pitch': 358.1873510372091, 'yaw': 182.75974658556567},{'roll': 355.6170304704492, 'pitch': 358.19192534296235, 'yaw': 182.75967828367396},182.49,0:00:00.066970
2023-06-30,12,6,48,805708,35.34,1005.14,34.42,{'roll': 355.4112270523598, 'pitch': 357.99696762494466, 'yaw': 182.52216528547592},{'roll': 355.4459367930613, 'pitch': 358.00489811490127, 'yaw': 182.5220560024492},182.24,0:00:00.082695
2023-06-30,12,6,54,35599,35.23,1005.07,33.30,{'roll': 355.7875346171343, 'pitch': 358.04302316363123, 'yaw': 181.80735866807743},{'roll': 355.8157441521802, 'pitch': 358.05198778691687, 'yaw': 181.8072493850507},181.53,0:00:00.083645
2023-06-30,12,6,59,261872,35.31,1005.10,34.71,{'roll': 356.1516204121628, 'pitch': 358.07981269693505, 'yaw': 180.95824321083978},{'roll': 356.17279527925035, 'pitch': 358.0877282458529, 'yaw': 180.95817490894808},180.72,0:00:00.083980
2023-06-30,12,7,4,500140,35.27,1005.11,34.62,{'roll': 356.4850277722039, 'pitch': 358.0613948783947, 'yaw': 180.66517345393288},{'roll': 356.49902752556835, 'pitch': 358.0694269674152, 'yaw': 180.66513247279784},180.43,0:00:00.077467
2023-06-30,12,7,9,721484,35.43,1005.08,34.81,{'roll': 356.4548880683874, 'pitch': 358.48304059854956, 'yaw': 180.4670706472458},{'roll': 356.4683546401097, 'pitch': 358.48352234032944, 'yaw': 180.4670706472458},180.24,0:00:00.082540
2023-06-30,12,7,14,955619,35.45,1005.07,34.87,{'roll': 356.67309617722657, 'pitch': 358.8311434307551, 'yaw': 180.7983484823698},{'roll': 356.6841228773113, 'pitch': 358.82259224735765, 'yaw': 180.79837580312645},180.54,0:00:00.082338
2023-06-30,12,7,20,186433,35.41,1005.12,33.29,{'roll': 356.5360567558233, 'pitch': 358.7199294882122, 'yaw': 181.03903068834268},{'roll': 356.5473065042732, 'pitch': 358.71598398674945, 'yaw': 181.03904434872103},180.78,0:00:00.082301
2023-06-30,12,7,25,419880,35.56,1005.10,34.18,{'roll': 356.3346280738973, 'pitch': 359.5466807716731, 'yaw': 180.5022871026064},{'roll': 356.3518819855144, 'pitch': 359.5247022367802, 'yaw': 180.5024510271465},180.26,0:00:00.082151
2023-06-30,12,7,30,649731,35.52,1005.10,34.55,{'roll': 356.66027142984285, 'pitch': 359.31462818955134, 'yaw': 180.5809572214666},{'roll': 356.67134508747813, 'pitch': 359.2961533816201, 'yaw': 180.581052844115},180.32,0:00:00.082242
2023-06-30,12,7,35,872988,35.52,1005.07,34.30,{'roll': 355.9236841929548, 'pitch': 359.5930001797772, 'yaw': 180.26646799132254},{'roll': 355.9483236734988, 'pitch': 359.56865898640086, 'yaw': 180.266727538511},180.02,0:00:00.083104
2023-06-30,12,7,41,96128,35.43,1005.07,33.99,{'roll': 356.18818967186587, 'pitch': 0.044070701722023015, 'yaw': 180.04597582453619},{'roll': 356.208349402088, 'pitch': 0.011542009176169932, 'yaw': 180.04626269248132},179.82,0:00:00.073637
2023-06-30,12,7,46,312914,35.50,1005.08,34.10,{'roll': 356.26238772436704, 'pitch': 0.08606948823768515, 'yaw': 179.2419906148683},{'roll': 356.2820078696447, 'pitch': 0.05391574572982865, 'yaw': 179.24226382243512},179.01,0:00:00.081873
2023-06-30,12,7,51,535621,35.54,1005.09,34.08,{'roll': 355.9849970935867, 'pitch': 359.89615102242465, 'yaw': 179.01729105155323},{'roll': 356.00931470146605, 'pitch': 359.86519515769305, 'yaw': 179.0176189006334},178.81,0:00:00.069196
2023-06-30,12,7,56,791141,35.54,1005.09,33.29,{'roll': 356.7703420627517, 'pitch': 0.07017773912264805, 'yaw': 178.86414454998322},{'roll': 356.77771888049875, 'pitch': 0.03916450146899815, 'yaw': 178.86424017263158},178.62,0:00:00.070709
2023-06-30,12,8,2,38388,35.52,1005.08,33.36,{'roll': 356.29758240849964, 'pitch': 0.2813708968387182, 'yaw': 177.97697127869026},{'roll': 356.31588304660704, 'pitch': 0.24325595999038763, 'yaw': 177.97727180701375},177.77,0:00:00.083226
2023-06-30,12,8,7,271598,35.59,1005.04,34.20,{'roll': 356.1923522452782, 'pitch': 0.3672020688372868, 'yaw': 178.107045401244},{'roll': 356.212225534442, 'pitch': 0.32681291911918, 'yaw': 178.10738691070247},177.89,0:00:00.067159
2023-06-30,12,8,12,516038,35.63,1005.11,34.98,{'roll': 357.05670115879906, 'pitch': 0.26446951369624233, 'yaw': 178.04148924559018},{'roll': 357.0597638583116, 'pitch': 0.22753158386054892, 'yaw': 178.04154388710356},177.80,0:00:00.083021
2023-06-30,12,8,17,744114,35.52,1005.09,34.07,{'roll': 356.8372360817092, 'pitch': 359.7258345258488, 'yaw': 178.07512109706335},{'roll': 356.8440940185227, 'pitch': 359.69908363639723, 'yaw': 178.07520305933338},177.85,0:00:00.082039
2023-06-30,12,8,22,980636,35.52,1005.06,33.85,{'roll': 356.6168892698861, 'pitch': 359.9405521612282, 'yaw': 178.5067753922298},{'roll': 356.6273629380915, 'pitch': 359.910122741331, 'yaw': 178.5069119960132},178.28,0:00:00.082336
2023-06-30,12,8,28,207168,35.52,1005.12,33.19,{'roll': 356.5820177390786, 'pitch': 359.3528779959554, 'yaw': 178.83170115142565},{'roll': 356.5950204982676, 'pitch': 359.33467954388124, 'yaw': 178.83179677407404},178.61,0:00:00.082344
2023-06-30,12,8,33,437914,35.50,1005.04,34.09,{'roll': 355.94083949371577, 'pitch': 359.56258393334053, 'yaw': 178.84754719030008},{'roll': 355.9657935898484, 'pitch': 359.53932129620324, 'yaw': 178.8477930771102},178.64,0:00:00.079047
2023-06-30,12,8,38,701428,35.52,1005.06,33.89,{'roll': 356.39103476427107, 'pitch': 359.17368462134635, 'yaw': 177.9298156526605},{'roll': 356.4074775909242, 'pitch': 359.15917863357055, 'yaw': 177.92991127530888},177.72,0:00:00.032692
2023-06-30,12,8,43,873597,35.48,1005.11,33.98,{'roll': 356.80720758191, 'pitch': 359.6223232224207, 'yaw': 177.5822136654202},{'roll': 356.81404694914676, 'pitch': 359.59761154464275, 'yaw': 177.5822819673119},177.35,0:00:00.066665
2023-06-30,12,8,49,113210,35.52,1005.10,33.99,{'roll': 356.86573654012494, 'pitch': 359.71311521951037, 'yaw': 177.22286375280748},{'roll': 356.87235670097795, 'pitch': 359.6880922611971, 'yaw': 177.22293205469919},177.00,0:00:00.082243
2023-06-30,12,8,54,338393,35.59,1005.10,34.07,{'roll': 357.0061236079951, 'pitch': 0.4928293113545082, 'yaw': 176.77812281519127},{'roll': 357.00944798913025, 'pitch': 0.4502283009232279, 'yaw': 176.77817745670464},176.58,0:00:00.081673
2023-06-30,12,8,59,572424,35.61,1005.12,34.02,{'roll': 357.92500880727425, 'pitch': 0.9692867659902016, 'yaw': 176.16526360134438},{'roll': 357.91102250084475, 'pitch': 0.9176894892875154, 'yaw': 176.16494941264256},175.92,0:00:00.081152
2023-06-30,12,9,4,794147,35.65,1005.09,33.70,{'roll': 358.46390102111303, 'pitch': 1.0862605857158398, 'yaw': 175.79502636719465},{'roll': 358.43826636066257, 'pitch': 1.0329015470941136, 'yaw': 175.79443897092605},175.57,0:00:00.080772
2023-06-30,12,9,10,31429,35.57,1005.05,34.03,{'roll': 359.06484902537767, 'pitch': 1.1999058621598606, 'yaw': 175.44249298337363},{'roll': 359.02743762469424, 'pitch': 1.1436729147231457, 'yaw': 175.44159139840318},175.22,0:00:00.067416
2023-06-30,12,9,15,276881,35.61,1005.10,33.97,{'roll': 358.7646644525114, 'pitch': 0.6085422674871916, 'yaw': 175.30476904894948},{'roll': 358.73239885231567, 'pitch': 0.5647156649867172, 'yaw': 175.30416799230252},175.09,0:00:00.082246
2023-06-30,12,9,20,514710,35.66,1005.04,34.29,{'roll': 358.6520842586911, 'pitch': 0.5605589612682356, 'yaw': 174.99600351732988},{'roll': 358.62293877428556, 'pitch': 0.5171129817314307, 'yaw': 174.99547076257463},174.78,0:00:00.070308
2023-06-30,12,9,25,761664,35.48,1005.12,34.97,{'roll': 358.89722903279124, 'pitch': 0.8659093983028255, 'yaw': 174.39071215308337},{'roll': 358.86405512415763, 'pitch': 0.8160701482594772, 'yaw': 174.39000181340967},174.17,0:00:00.067711
2023-06-30,12,9,31,15978,35.52,1005.09,33.80,{'roll': 358.42445187617943, 'pitch': 0.5381485236320419, 'yaw': 173.4674891433511},{'roll': 358.39909287789504, 'pitch': 0.49520595038140813, 'yaw': 173.46701103010918},173.28,0:00:00.082623
2023-06-30,12,9,36,250803,35.70,1005.11,33.93,{'roll': 359.2023162407385, 'pitch': 1.0201883238928984, 'yaw': 173.17872240562127},{'roll': 359.1613799288349, 'pitch': 0.9678916998522265, 'yaw': 173.1778071602725},172.98,0:00:00.082820
2023-06-30,12,9,41,473314,35.63,1005.13,33.85,{'roll': 359.7776818248277, 'pitch': 0.8709860431251434, 'yaw': 173.14817779965298},{'roll': 359.72634940471835, 'pitch': 0.823679672685959, 'yaw': 173.14713961089913},172.94,0:00:00.065862
2023-06-30,12,9,46,719861,35.57,1005.11,33.22,{'roll': 359.6206504130434, 'pitch': 0.7243362253945632, 'yaw': 172.5670653050683},{'roll': 359.5727188134909, 'pitch': 0.6764602812116233, 'yaw': 172.56608175782782},172.37,0:00:00.082578
2023-06-30,12,9,51,961458,35.66,1005.10,34.26,{'roll': 0.09129250854958877, 'pitch': 1.0242843029607904, 'yaw': 172.69909286172464},{'roll': 0.032509552674931844, 'pitch': 0.9730335516367766, 'yaw': 172.6978087861607},172.48,0:00:00.080608
2023-06-30,12,9,57,194042,35.52,1005.13,33.97,{'roll': 0.45351714373029484, 'pitch': 0.43202384575316055, 'yaw': 172.53619285001983},{'roll': 0.38923692611040905, 'pitch': 0.3920381574437605, 'yaw': 172.53510001975263},172.31,0:00:00.080380
2023-06-30,12,10,2,416760,35.57,1005.09,34.28,{'roll': 1.0619681641590433, 'pitch': 0.5575188867573452, 'yaw': 172.45435352338475},{'roll': 0.9849510577996853, 'pitch': 0.515036017254365, 'yaw': 172.45296016479406},172.22,0:00:00.072234
2023-06-30,12,10,7,641643,35.72,1005.09,34.64,{'roll': 1.1123317379428959, 'pitch': 0.4148282842286981, 'yaw': 172.01052783111732},{'roll': 1.0352286138886782, 'pitch': 0.37464761536283536, 'yaw': 172.00920277441833},171.79,0:00:00.080701
2023-06-30,12,10,12,871467,35.73,1005.11,34.26,{'roll': 1.4279825271326883, 'pitch': 0.6223570721354829, 'yaw': 171.9494386191807},{'roll': 1.343890838897078, 'pitch': 0.5776865143856887, 'yaw': 171.9478266945366},171.72,0:00:00.081474
2023-06-30,12,10,18,104514,35.57,1005.12,34.43,{'roll': 1.5642840746621702, 'pitch': 0.5545689920878402, 'yaw': 172.03858624822774},{'roll': 1.4774820819865344, 'pitch': 0.5121334536613741, 'yaw': 172.03701530471864},171.80,0:00:00.081063
2023-06-30,12,10,23,319689,35.52,1005.13,34.21,{'roll': 2.2992873479930007, 'pitch': 359.96639041000765, 'yaw': 171.9934250374356},{'roll': 2.196726294633147, 'pitch': 359.93663565471894, 'yaw': 171.99211364111497},171.75,0:00:00.081571
2023-06-30,12,10,28,550587,35.52,1005.13,33.83,{'roll': 2.3080293498003823, 'pitch': 359.8553003747002, 'yaw': 171.53557013661296},{'roll': 2.2049786572544035, 'pitch': 359.8271716680064, 'yaw': 171.53434070256236},171.31,0:00:00.081123
2023-06-30,17,40,3,442574,37.49,1001.05,33.79,{'roll': 359.98290326777766, 'pitch': 359.98323200398204, 'yaw': 2.849957476003527},{'roll': 359.9386511074728, 'pitch': 359.954188183674, 'yaw': 2.8494072188885182},5.63,0:00:00.086140
2023-06-30,17,40,10,679093,37.43,1001.03,33.82,{'roll': 0.4807388626673807, 'pitch': 0.46230733038783683, 'yaw': 9.233546616285356},{'roll': 0.426897788781066, 'pitch': 0.4225793216370461, 'yaw': 9.232633078483866},11.87,0:00:00.082270
2023-06-30,17,40,17,924482,37.45,1001.06,33.86,{'roll': 0.5917155628583363, 'pitch': 1.3737629913972462, 'yaw': 15.024425173884993},{'roll': 0.536491669149785, 'pitch': 1.3181237368097933, 'yaw': 15.023112070017058},17.53,0:00:00.067814
2023-06-30,17,40,25,167482,37.42,1001.03,36.08,{'roll': 0.5386291448340287, 'pitch': 1.1374512527194989, 'yaw': 20.077938706804858},{'roll': 0.48543221648338436, 'pitch': 1.0857265503001094, 'yaw': 20.07676220672032},22.50,0:00:00.067363
2023-06-30,17,40,32,365844,37.40,1001.00,33.71,{'roll': 2.113255193116656, 'pitch': 1.4233524059273601, 'yaw': 24.9153040732505},{'roll': 2.0252501266517458, 'pitch': 1.3644004028707455, 'yaw': 24.913085969317535},27.18,0:00:00.069948
2023-06-30,17,40,39,618424,37.36,1001.03,34.81,{'roll': 2.0589741856786836, 'pitch': 2.2445474372201684, 'yaw': 29.980551871164444},{'roll': 1.9738247786170735, 'pitch': 2.1700968811631483, 'yaw': 29.977840286063948},32.14,0:00:00.084226
2023-06-30,17,40,46,854050,37.43,1000.98,33.82,{'roll': 2.266660174658085, 'pitch': 2.2432347602390563, 'yaw': 34.32085022076241},{'roll': 2.1757151386423073, 'pitch': 2.170901562824741, 'yaw': 34.31804301301353},36.38,0:00:00.082514
2023-06-30,17,40,54,92838,37.38,1001.01,34.29,{'roll': 3.849081816661224, 'pitch': 3.852625404179991, 'yaw': 38.26488831547291},{'roll': 3.7274630414131535, 'pitch': 3.745863997923991, 'yaw': 38.259335371677686},40.20,0:00:00.062154
2023-06-30,17,41,1,343435,37.38,1001.02,33.57,{'roll': 3.134088436277592, 'pitch': 3.5527126514983776, 'yaw': 42.53573730159018},{'roll': 3.027067696276543, 'pitch': 3.4530416219310855, 'yaw': 42.53117132013003},44.42,0:00:00.066869
2023-06-30,17,41,8,558980,37.38,1000.98,33.86,{'roll': 3.800756093849268, 'pitch': 3.844631094643314, 'yaw': 46.27172441908751},{'roll': 3.6814053682924652, 'pitch': 3.737925183674321, 'yaw': 46.26627392812984},48.07,0:00:00.080545
2023-06-30,17,45,30,357958,37.42,1000.94,35.38,{'roll': 359.9863279556435, 'pitch': 359.9923878617255, 'yaw': 2.8436122302645854},{'roll': 359.94239062270316, 'pitch': 359.9635131127785, 'yaw': 2.8430690167821577},5.61,0:00:00.074103
2023-06-30,17,45,37,568105,37.27,1000.92,33.74,{'roll': 2.268830467266856, 'pitch': 0.7571720396642821, 'yaw': 9.04108896094732},{'roll': 2.175548652781288, 'pitch': 0.7098827980588757, 'yaw': 9.039202974962752},11.62,0:00:00.072727
2023-06-30,17,45,44,772964,37.50,1000.91,33.81,{'roll': 2.1698185509544703, 'pitch': 1.7973329039073556, 'yaw': 15.004076332800233},{'roll': 2.0811146707601034, 'pitch': 1.7313024769930805, 'yaw': 15.001569653374839},17.45,0:00:00.075865
2023-06-30,17,45,51,997624,37.45,1000.93,33.33,{'roll': 2.727157078029045, 'pitch': 2.103410969531964, 'yaw': 20.58245575248973},{'roll': 2.6287692702520693, 'pitch': 2.034478779437491, 'yaw': 20.579556337187057},22.90,0:00:00.081966
2023-06-30,17,45,59,234521,37.47,1000.97,32.79,{'roll': 3.8785284697204414, 'pitch': 2.7189964960747606, 'yaw': 25.3645341526987},{'roll': 3.7566860057770532, 'pitch': 2.6371652802893073, 'yaw': 25.36027040710932},27.57,0:00:00.068708
2023-06-30,17,46,6,489275,37.56,1000.97,32.64,{'roll': 4.03393832522668, 'pitch': 2.9563289211466017, 'yaw': 30.312977178068966},{'roll': 3.9087136369836664, 'pitch': 2.8680534218792415, 'yaw': 30.308243856974148},32.40,0:00:00.082896
2023-06-30,17,46,13,733981,37.42,1000.97,33.76,{'roll': 5.101632642509427, 'pitch': 3.2159269091390383, 'yaw': 34.704577078522895},{'roll': 4.9542661885245245, 'pitch': 3.123850836485389, 'yaw': 34.6987680026338},36.70,0:00:00.083010
2023-06-30,17,46,20,973823,37.47,1000.96,33.76,{'roll': 7.055597792341042, 'pitch': 3.0737161807604374, 'yaw': 38.365360398163794},{'roll': 6.869467453495378, 'pitch': 2.985169181473569, 'yaw': 38.35829798256201},40.25,0:00:00.082714
2023-06-30,17,46,28,219464,37.43,1001.01,33.69,{'roll': 6.830087570948847, 'pitch': 2.744449622903636, 'yaw': 42.90108070519958},{'roll': 6.650831817502801, 'pitch': 2.6601458786386383, 'yaw': 42.89460910096099},44.71,0:00:00.082723
2023-06-30,17,46,35,456261,37.54,1001.00,33.58,{'roll': 6.730844495421739, 'pitch': 2.7993624228398346, 'yaw': 47.148013783938055},{'roll': 6.552447638263822, 'pitch': 2.714562422642953, 'yaw': 47.14153193441571},48.87,0:00:00.069045
2023-06-30,17,47,13,521527,37.54,1000.96,34.40,{'roll': 359.9773663355734, 'pitch': 359.9913008211108, 'yaw': 2.8199552297440116},{'roll': 359.9328681917419, 'pitch': 359.9610830361925, 'yaw': 2.819380213193261},5.57,0:00:00.083961
2023-06-30,17,47,20,774091,37.56,1000.89,33.63,{'roll': 1.5607779464621323, 'pitch': 1.270253929124936, 'yaw': 8.919978607905593},{'roll': 1.4859243025223758, 'pitch': 1.2175902891380814, 'yaw': 8.91829411250154},11.51,0:00:00.082329
2023-06-30,17,47,28,3862,37.52,1000.95,33.35,{'roll': 1.8706857204987075, 'pitch': 1.712231521613347, 'yaw': 14.672595299548467},{'roll': 1.7891810731329454, 'pitch': 1.6499578054642847, 'yaw': 14.670425006939695},17.15,0:00:00.069584
2023-06-30,17,47,35,206235,37.54,1000.98,33.38,{'roll': 2.3687849496847035, 'pitch': 1.994806479417118, 'yaw': 19.1241198646855},{'roll': 2.27571679205411, 'pitch': 1.9253566890496052, 'yaw': 19.121353638071646},21.50,0:00:00.080011
2023-06-30,17,47,42,433471,37.67,1000.99,33.36,{'roll': 3.4636072842468604, 'pitch': 1.863873033688443, 'yaw': 25.025217184921637},{'roll': 3.3519119200891727, 'pitch': 1.7976998131318322, 'yaw': 25.02205309978863},27.27,0:00:00.073968
2023-06-30,17,47,49,670084,37.56,1001.02,33.47,{'roll': 5.636024081850286, 'pitch': 1.9171773240751036, 'yaw': 28.930540059869212},{'roll': 5.477079603448566, 'pitch': 1.8485347766901217, 'yaw': 28.925868210476924},31.04,0:00:00.082743
2023-06-30,17,47,56,915783,37.59,1000.97,33.51,{'roll': 6.021959225146802, 'pitch': 2.3006659789882855, 'yaw': 33.991730725416176},{'roll': 5.857301293504366, 'pitch': 2.226414992521077, 'yaw': 33.986495385417356},36.00,0:00:00.082116
2023-06-30,17,48,4,136394,37.54,1000.98,33.86,{'roll': 6.747274515470204, 'pitch': 3.0984137179123805, 'yaw': 38.41931547751231},{'roll': 6.568245438927238, 'pitch': 3.0070896063976673, 'yaw': 38.412304288329295},40.32,0:00:00.075869
2023-06-30,17,48,11,354453,37.58,1000.98,33.52,{'roll': 7.035247243708989, 'pitch': 2.5807400203387743, 'yaw': 43.344530737062655},{'roll': 6.849246678457556, 'pitch': 2.502280997012603, 'yaw': 43.33827769887751},45.14,0:00:00.082644
2023-06-30,17,48,18,587060,37.58,1000.96,33.20,{'roll': 8.8599028252871, 'pitch': 2.8702894550587743, 'yaw': 46.593054083685345},{'roll': 8.638602988631394, 'pitch': 2.7847613993850517, 'yaw': 46.58493981895137},48.30,0:00:00.066895
2023-07-03,9,44,35,854772,30.16,0.00,34.46,{'roll': 1.3118055983841201, 'pitch': 0.6499056796573772, 'yaw': 355.0161906819942},{'roll': 1.2437072249769177, 'pitch': 0.6274362782787394, 'yaw': 355.01553541072076},350.73,0:00:00.095362
2023-07-03,9,44,51,100102,30.41,1003.71,34.56,{'roll': 357.2006896573526, 'pitch': 355.7064581372522, 'yaw': 347.1225320935872},{'roll': 357.21564499687054, 'pitch': 355.7830301073767, 'yaw': 347.12204031996697},343.14,0:00:00.082495
2023-07-03,9,45,6,335219,30.60,1003.67,34.61,{'roll': 353.1752643091527, 'pitch': 348.84932002898233, 'yaw': 341.10099634016893},{'roll': 353.27242972651163, 'pitch': 349.0617619640582, 'yaw': 341.0921307546263},337.37,0:00:00.081497
2023-07-03,9,45,21,575074,30.73,1003.64,33.56,{'roll': 350.664213989576, 'pitch': 346.47452728759237, 'yaw': 334.5432804916209},{'roll': 350.81221052851186, 'pitch': 346.7339626317052, 'yaw': 334.526759971566},331.02,0:00:00.081103
2023-07-03,9,45,36,816955,30.91,1003.61,33.58,{'roll': 349.86738960685034, 'pitch': 344.70631852374936, 'yaw': 326.77231472570895},{'roll': 350.03217645831336, 'pitch': 345.00129561098197, 'yaw': 326.75136312042997},323.44,0:00:00.089161
2023-07-03,9,57,19,762228,33.46,1003.45,29.56,{'roll': 359.9498026452729, 'pitch': 359.96776106355543, 'yaw': 2.828544619512126},{'roll': 359.90972069398487, 'pitch': 359.9535800933996, 'yaw': 2.828301720909767},5.60,0:00:00.074574
2023-07-03,9,57,27,2451,33.52,1003.48,31.30,{'roll': 358.9183792471647, 'pitch': 359.27612006325853, 'yaw': 8.118496889939617},{'roll': 358.8989488530799, 'pitch': 359.27374299734475, 'yaw': 8.118476399372108},10.83,0:00:00.071958
2023-07-03,9,57,34,238316,33.41,1003.44,31.84,{'roll': 358.22724030245735, 'pitch': 358.71516852619555, 'yaw': 13.742590765744007},{'roll': 358.22203057566793, 'pitch': 358.7243166040934, 'yaw': 13.74261040253787},16.36,0:00:00.077154
2023-07-03,9,57,41,468787,33.41,1003.49,29.66,{'roll': 358.9388061018164, 'pitch': 358.0435330799415, 'yaw': 19.483116315008665},{'roll': 358.9189727265706, 'pitch': 358.06668614056736, 'yaw': 19.483316098041886},21.99,0:00:00.071454
2023-07-03,9,57,48,697224,33.41,1003.43,30.34,{'roll': 358.83296538371616, 'pitch': 357.13387674689153, 'yaw': 24.897390194604846},{'roll': 358.8150084962231, 'pitch': 357.17523567675005, 'yaw': 24.897707798401253},27.32,0:00:00.073208
2023-07-03,9,57,55,922264,33.43,1003.45,29.53,{'roll': 357.79053668322524, 'pitch': 356.25553405642177, 'yaw': 29.892008713858985},{'roll': 357.7936375891084, 'pitch': 356.31472276822177, 'yaw': 29.891933581778115},32.24,0:00:00.082169
2023-07-03,9,58,3,160034,33.37,1003.48,29.25,{'roll': 356.82242332239014, 'pitch': 356.3451585180502, 'yaw': 34.9351710950917},{'roll': 356.8449330645735, 'pitch': 356.4019784348687, 'yaw': 34.93462467995809},37.20,0:00:00.073359
2023-07-03,9,58,10,407614,33.41,1003.43,28.05,{'roll': 357.63905226550105, 'pitch': 355.8958866036933, 'yaw': 40.058431104721144},{'roll': 357.643784092492, 'pitch': 355.9611221673429, 'yaw': 40.058304746221495},42.22,0:00:00.079197
2023-07-03,9,58,17,622401,33.55,1003.42,29.50,{'roll': 358.3790438180818, 'pitch': 355.97402567534556, 'yaw': 44.13884758658929},{'roll': 358.3706867614672, 'pitch': 356.0382772648679, 'yaw': 44.13908664321024},46.21,0:00:00.078335
2023-07-03,9,58,24,878907,33.50,1003.43,29.98,{'roll': 358.5993841198808, 'pitch': 356.20206263984386, 'yaw': 48.26835946821149},{'roll': 358.5853095546007, 'pitch': 356.26209573378003, 'yaw': 48.26871805314292},50.22,0:00:00.093399
